mun_code,mun_name,secciones,population,adults,electorate,voters,sin_derecho,net_income_equiv,mean_age,pct_over65,pct_spanish,pct_foreign,pct_naturalized,pct_higher_ed_completed,unemployment_rate,pct_rented,pct_secondary,turnout,pct_ad_vota,pct_ad_sinderecho,pct_ad_abst,indep_share19,indep_share23,t2015_12,t2016_06,t2019_04,t2019_11,t2023_07,drop_19_23
17001,Agullana,1,910.0,747.11,636.0,431.0,111.11,29258.0,44.2,20.2,83.3,0.1744,0.0202,0.2901,0.1009,0.2,0.4058,0.6777,0.5769,0.1487,0.2744,0.743,0.4756,0.7128,0.6882,0.7914,0.7443,0.6777,0.0667
17002,Aiguaviva,1,775.0,616.9,583.0,397.0,33.9,32087.0,41.9,16.1,94.5,0.0317,0.0203,0.4212,0.0459,0.1523,0.1846,0.681,0.6435,0.055,0.3015,0.761,0.5844,0.7716,0.7212,0.8706,0.8253,0.681,0.1443
17003,Albanyà,1,167.0,127.922,109.0,67.0,18.922,17377.0,42.5,22.8,85.0,0.1029,0.0171,0.2955,0.2436,0.2308,0.5423,0.6147,0.5238,0.1479,0.3283,0.8588,0.7313,0.6961,0.6442,0.7353,0.8252,0.6147,0.2106
17004,Albons,1,815.0,681.34,584.0,397.0,97.34,25075.0,44.9,22.8,84.7,0.1524,0.005,0.3809,0.1024,0.1761,0.4537,0.6798,0.5827,0.1429,0.2745,0.7689,0.5894,0.7275,0.6543,0.8349,0.7769,0.6798,0.0971
17005,"Far d'Empordà, El",1,604.0,486.22,468.0,296.0,18.22,24659.0,42.3,17.9,93.9,0.0594,0.0241,0.2697,0.097,0.2053,0.1518,0.6325,0.6088,0.0375,0.3537,0.677,0.4696,0.6559,0.6223,0.7304,0.7046,0.6325,0.0721
17006,Alp,1,1727.0,1478.312,1321.0,819.0,157.312,27819.0,42.7,16.0,87.4,0.1143,0.0394,0.4245,0.0813,0.3418,0.792,0.62,0.554,0.1064,0.3396,0.6949,0.5018,0.6454,0.6087,0.742,0.7012,0.62,0.0812
17007,Amer,1,2421.0,2002.167,1765.0,1130.0,237.167,24531.0,45.3,24.3,87.3,0.1134,0.0017,0.2931,0.106,0.17,0.3415,0.6402,0.5644,0.1185,0.3172,0.8208,0.6381,0.7139,0.688,0.8162,0.7754,0.6402,0.1352
17008,Anglès,3,5899.0,4773.179,3686.0,2136.0,1087.179,21408.3662,42.5269,19.4564,77.7145,0.2319,0.0037,0.2103,0.1303,0.2115,0.2306,0.5795,0.4475,0.2278,0.3247,0.7303,0.529,0.6664,0.6019,0.7686,0.7198,0.5795,0.1403
17009,Arbúcies,3,6504.0,5284.737,4139.0,2664.0,1145.737,21374.074,42.5926,19.4155,77.5287,0.2406,0.0021,0.2295,0.1406,0.2186,0.2739,0.6436,0.5041,0.2168,0.2791,0.7782,0.5312,0.6853,0.6436,0.8055,0.7525,0.6436,0.1088
17010,Argelaguer,1,437.0,378.879,345.0,226.0,33.879,24337.0,45.6,22.2,93.1,0.0481,0.036,0.4337,0.1144,0.193,0.3187,0.6551,0.5965,0.0894,0.3141,0.8214,0.6549,0.7485,0.6667,0.8073,0.759,0.6551,0.104
17011,"Armentera, L'",1,1045.0,846.45,697.0,507.0,149.45,25502.0,43.4,20.9,82.7,0.168,0.0101,0.3813,0.0871,0.2481,0.4574,0.7274,0.599,0.1766,0.2245,0.7992,0.5779,0.7167,0.697,0.8356,0.8031,0.7274,0.0757
17012,Avinyonet de Puigventós,1,1663.0,1323.748,1260.0,819.0,63.748,25454.0,40.6,13.2,94.3,0.0523,0.0325,0.2816,0.0815,0.0935,0.144,0.65,0.6187,0.0482,0.3331,0.5692,0.3651,0.6681,0.614,0.7822,0.7191,0.65,0.0691
17013,Begur,3,4202.0,3636.157,2920.0,1941.0,716.157,27608.248,46.7957,24.716,80.3162,0.1731,0.0313,0.3645,0.1042,0.1623,0.6478,0.6647,0.5338,0.197,0.2692,0.5168,0.3442,0.6964,0.6387,0.7859,0.723,0.6647,0.0582
17014,"Vajol, La",1,98.0,88.984,68.0,52.0,20.984,,50.9,27.6,77.6,,,,,,,0.7647,0.5844,0.2358,0.1798,0.6471,0.4423,0.7705,0.75,0.8095,0.7727,0.7647,0.008
17015,Banyoles,12,20511.0,16426.864,13260.0,8530.0,3166.864,24376.5165,41.4502,18.4304,80.8747,0.1965,0.0154,0.3185,0.0952,0.2313,0.183,0.6433,0.5193,0.1928,0.2879,0.7464,0.5662,0.6826,0.6243,0.7905,0.7492,0.6433,0.106
17016,Bàscara,1,1044.0,876.96,759.0,499.0,117.96,22691.0,44.8,20.8,85.8,0.1172,0.0138,0.27,0.0869,0.2068,0.3042,0.6574,0.569,0.1345,0.2965,0.7456,0.5671,0.7169,0.684,0.8122,0.7734,0.6574,0.116
17018,Bellcaire d'Empordà,1,737.0,611.71,522.0,337.0,89.71,23359.0,45.1,22.0,86.0,0.1089,0.0172,0.3322,0.0955,0.2,0.4521,0.6456,0.5509,0.1467,0.3024,0.748,0.5401,0.7275,0.6812,0.8198,0.7632,0.6456,0.1176
17019,Besalú,1,2577.0,2095.101,1793.0,1226.0,302.101,23798.0,44.6,22.6,86.2,0.1232,0.0213,0.2986,0.0749,0.2019,0.2048,0.6838,0.5852,0.1442,0.2706,0.7712,0.5669,0.7189,0.6766,0.8251,0.7882,0.6838,0.1044
17020,Bescanó,3,5111.0,4073.874,3854.0,2494.0,219.874,26129.3807,41.5567,16.9604,94.4455,0.0481,0.0195,0.3538,0.0772,0.1572,0.1715,0.6471,0.6122,0.054,0.3338,0.7573,0.5577,0.705,0.6495,0.8229,0.7754,0.6471,0.1282
17021,Beuda,1,179.0,146.959,142.0,88.0,4.959,20826.0,42.5,15.6,85.5,0.1684,0.0211,0.4051,0.16,0.3768,0.4344,0.6197,0.5988,0.0337,0.3674,0.7528,0.4773,0.637,0.6565,0.8033,0.7479,0.6197,0.1282
17022,"Bisbal d'Empordà, La",6,11487.0,9144.644,7241.0,4472.0,1903.644,19971.9249,41.4063,17.8106,79.3554,0.1956,0.0337,0.235,0.1702,0.2304,0.1796,0.6176,0.489,0.2082,0.3028,0.6561,0.4293,0.6679,0.6088,0.7687,0.7014,0.6176,0.0838
17023,Blanes,22,41409.0,34782.857,28358.0,17998.0,6424.857,20470.9603,43.7667,20.0859,81.1114,0.1677,0.045,0.2661,0.1994,0.2339,0.2968,0.6347,0.5174,0.1847,0.2978,0.3532,0.2188,0.689,0.6311,0.7479,0.6838,0.6347,0.0491
17024,Bolvir,1,497.0,410.025,384.0,288.0,26.025,38207.0,43.4,20.1,92.2,0.0857,0.047,0.5217,0.0403,0.3198,0.7779,0.75,0.7024,0.0635,0.2341,0.6404,0.4236,0.6308,0.5709,0.8,0.7224,0.75,-0.0276
17025,Bordils,1,1789.0,1461.613,1240.0,863.0,221.613,27368.0,43.2,19.6,83.1,0.1738,0.0,0.3324,0.0883,0.2127,0.1509,0.696,0.5904,0.1516,0.2579,0.7699,0.591,0.742,0.6993,0.8308,0.7978,0.696,0.1018
17026,Borrassà,1,774.0,602.946,567.0,393.0,35.946,28640.0,42.1,18.7,91.6,0.0533,0.0387,0.3627,0.0668,0.2015,0.2054,0.6931,0.6518,0.0596,0.2886,0.772,0.5954,0.7108,0.6801,0.8287,0.7668,0.6931,0.0737
17027,Breda,2,3906.0,3292.43,2993.0,1949.0,299.43,22693.3922,45.4374,22.3643,90.0043,0.1037,0.0046,0.2678,0.12,0.2175,0.1839,0.6512,0.592,0.0909,0.3171,0.7343,0.5239,0.7052,0.6721,0.8287,0.7826,0.6512,0.1315
17028,Brunyola i Sant Martí Sapresa,1,393.0,341.124,306.0,209.0,35.124,28908.0,45.5,22.9,90.8,0.0897,0.0052,0.3586,0.0606,0.2183,0.3661,0.683,0.6127,0.103,0.2844,0.838,0.622,0.703,0.6997,0.8013,0.7273,0.683,0.0443
17029,Boadella i les Escaules,1,260.0,224.9,200.0,139.0,24.9,23443.0,47.7,24.2,89.2,0.0741,0.0333,0.2552,0.1288,0.1827,0.5117,0.695,0.6181,0.1107,0.2712,0.6883,0.5683,0.6453,0.6135,0.804,0.744,0.695,0.049
17030,Cabanes,1,961.0,810.123,658.0,427.0,152.123,21676.0,44.5,20.3,81.0,0.1797,0.018,0.2255,0.1405,0.2108,0.2148,0.6489,0.5271,0.1878,0.2851,0.6109,0.4192,0.6667,0.624,0.7369,0.7034,0.6489,0.0544
17031,Cabanelles,1,280.0,225.12,175.0,105.0,50.12,20150.0,43.9,22.5,80.4,0.2205,0.0228,0.3456,0.1339,0.2245,0.4302,0.6,0.4664,0.2226,0.3109,0.735,0.4381,0.6337,0.5774,0.7143,0.6573,0.6,0.0573
17032,Cadaqués,1,2872.0,2504.384,1901.0,1120.0,603.384,22764.0,45.0,20.2,77.0,0.2373,0.0818,0.2498,0.1127,0.2926,0.679,0.5892,0.4472,0.2409,0.3119,0.6313,0.475,0.6048,0.5619,0.709,0.6527,0.5892,0.0636
17033,Caldes de Malavella,4,8312.0,6698.046,6058.0,3611.0,640.046,25292.6451,41.8892,17.7183,89.9563,0.0934,0.0291,0.2825,0.1253,0.1431,0.2984,0.5961,0.5391,0.0956,0.3653,0.5429,0.368,0.663,0.615,0.744,0.6869,0.5961,0.0908
17034,Calonge i Sant Antoni,5,12156.0,10193.745,7773.0,4816.0,2420.745,23099.7479,44.6493,21.5759,77.4897,0.2134,0.0399,0.325,0.141,0.2206,0.5623,0.6196,0.4724,0.2375,0.2901,0.5572,0.3661,0.6559,0.6011,0.7407,0.6695,0.6196,0.0499
17035,Camós,1,713.0,603.911,577.0,420.0,26.911,28755.0,46.4,25.3,94.8,0.0492,0.0197,0.3207,0.0801,0.1125,0.2705,0.7279,0.6955,0.0446,0.26,0.8456,0.5595,0.7353,0.6953,0.8364,0.8217,0.7279,0.0938
17036,Campdevànol,3,3237.0,2762.09,2597.0,1679.0,165.09,24564.2706,47.2451,26.0129,94.0408,0.0436,0.0168,0.2566,0.1021,0.146,0.1942,0.6465,0.6079,0.0598,0.3324,0.6656,0.4145,0.6787,0.6367,0.7855,0.7366,0.6465,0.0901
17037,Campelles,1,165.0,145.035,129.0,93.0,16.035,28610.0,47.5,26.7,87.3,0.1141,0.0,0.4318,0.0811,0.2817,0.6099,0.7209,0.6412,0.1106,0.2482,0.8372,0.5269,0.625,0.6635,0.8596,0.7679,0.7209,0.0469
17038,Campllong,1,544.0,429.216,404.0,279.0,25.216,31551.0,40.2,13.6,96.1,0.0432,0.0357,0.3831,0.0565,0.2036,0.148,0.6906,0.65,0.0587,0.2912,0.7657,0.6487,0.6911,0.6393,0.8211,0.8037,0.6906,0.1131
17039,Camprodon,2,2493.0,2155.11,1832.0,1200.0,323.11,24993.0433,47.4087,26.1016,83.2182,0.1298,0.0392,0.3411,0.0936,0.2379,0.6189,0.655,0.5568,0.1499,0.2933,0.7228,0.4475,0.6967,0.6589,0.796,0.7567,0.655,0.1016
17040,Canet d'Adri,1,744.0,602.64,569.0,360.0,33.64,30677.0,44.3,22.5,94.2,0.0576,0.0267,0.3688,0.1022,0.2311,0.2884,0.6327,0.5974,0.0558,0.3468,0.8091,0.5778,0.7286,0.6462,0.8439,0.7985,0.6327,0.1659
17041,Cantallops,1,346.0,286.834,225.0,149.0,61.834,23527.0,45.5,23.4,80.9,0.1628,0.0531,0.2519,0.1128,0.2683,0.4652,0.6622,0.5195,0.2156,0.265,0.7333,0.5369,0.6791,0.5963,0.7615,0.6912,0.6622,0.029
17042,Capmany,1,679.0,588.014,451.0,292.0,137.014,23419.0,46.0,25.2,78.9,0.1792,0.0288,0.2579,0.1245,0.2363,0.3714,0.6475,0.4966,0.233,0.2704,0.6923,0.4726,0.6957,0.6492,0.7672,0.7293,0.6475,0.0818
17043,Queralbs,1,206.0,184.988,171.0,132.0,13.988,27442.0,48.6,22.3,97.6,0.037,0.0318,0.3955,0.1068,0.2653,0.7407,0.7719,0.7136,0.0756,0.2108,0.8195,0.6439,0.7532,0.7578,0.8084,0.8061,0.7719,0.0341
17044,Cassà de la Selva,5,10905.0,8742.602,7235.0,4712.0,1507.602,23533.7473,41.2611,17.3043,82.845,0.1646,0.0165,0.253,0.105,0.209,0.1924,0.6513,0.539,0.1724,0.2886,0.7007,0.5119,0.7,0.6516,0.7957,0.756,0.6513,0.1047
17046,Castellfollit de la Roca,1,947.0,815.367,714.0,471.0,101.367,22384.0,47.3,26.6,89.2,0.0989,0.0312,0.2804,0.1285,0.168,0.2558,0.6597,0.5777,0.1243,0.298,0.7672,0.5945,0.694,0.6402,0.8085,0.7574,0.6597,0.0977
17047,Castelló d'Empúries,4,11972.0,9896.737,5254.0,2904.0,4642.737,18717.2711,42.4305,17.7893,55.4219,0.4415,0.0157,0.2325,0.1842,0.2762,0.5948,0.5527,0.2934,0.4691,0.2375,0.4846,0.3368,0.6196,0.5779,0.6938,0.6154,0.5527,0.0627
17048,"Castell d'Aro, Platja d'Aro i s'Agaró",6,12690.0,10548.318,6907.0,4216.0,3641.318,22020.2322,43.5366,19.5316,64.6803,0.2896,0.0496,0.3376,0.1318,0.2676,0.6223,0.6104,0.3997,0.3452,0.2551,0.4626,0.2979,0.6495,0.6138,0.7303,0.6488,0.6104,0.0384
17049,Celrà,3,5542.0,4268.323,3352.0,2301.0,916.323,24744.376,38.3637,12.2431,79.918,0.2149,0.0005,0.3189,0.0808,0.2248,0.1452,0.6865,0.5391,0.2147,0.2462,0.6973,0.4985,0.7203,0.6712,0.8221,0.7785,0.6865,0.092
17050,Cervià de Ter,1,986.0,796.688,708.0,502.0,88.688,26960.0,43.6,19.7,89.0,0.1111,0.0082,0.4139,0.0769,0.1489,0.2523,0.709,0.6301,0.1113,0.2586,0.787,0.6614,0.7689,0.6948,0.868,0.8343,0.709,0.1253
17051,Cistella,1,294.0,254.898,229.0,162.0,25.898,25220.0,46.8,25.2,90.1,0.0951,0.007,0.3725,0.1408,0.1842,0.3904,0.7074,0.6355,0.1016,0.2629,0.8075,0.5432,0.7169,0.6651,0.8406,0.797,0.7074,0.0896
17052,Siurana,1,165.0,135.96,130.0,87.0,5.96,29908.0,44.6,23.6,90.3,0.118,0.0056,0.3846,0.1011,0.2903,0.3034,0.6692,0.6399,0.0438,0.3163,0.8065,0.7356,0.6694,0.624,0.7761,0.6889,0.6692,0.0197
17054,Colera,1,490.0,448.84,392.0,276.0,56.84,25564.0,51.0,32.9,84.3,0.1627,0.0347,0.3756,0.1832,0.2696,0.7672,0.7041,0.6149,0.1266,0.2584,0.62,0.4493,0.664,0.6378,0.781,0.731,0.7041,0.0269
17055,Colomers,1,205.0,183.065,164.0,142.0,19.065,28280.0,49.7,29.3,87.8,0.0899,0.0371,0.3653,0.0787,0.1548,0.4474,0.8659,0.7757,0.1041,0.1202,0.7984,0.6197,0.8224,0.7333,0.8811,0.8732,0.8659,0.0074
17056,Cornellà del Terri,1,2344.0,1905.672,1762.0,1175.0,143.672,26094.0,43.5,20.8,90.8,0.0893,0.014,0.3505,0.0633,0.1697,0.212,0.6669,0.6166,0.0754,0.308,0.7861,0.5915,0.7034,0.6531,0.8143,0.7747,0.6669,0.1079
17057,Corçà,1,1271.0,1043.491,985.0,684.0,58.491,26144.0,45.7,25.7,93.1,0.0665,0.0156,0.334,0.09,0.1471,0.3385,0.6944,0.6555,0.0561,0.2885,0.7753,0.5351,0.7375,0.6622,0.8533,0.7955,0.6944,0.101
17058,Crespià,1,251.0,211.091,178.0,131.0,33.091,22911.0,44.5,21.5,85.7,0.1599,0.0185,0.364,0.1111,0.2347,0.3423,0.736,0.6206,0.1568,0.2227,0.7812,0.4962,0.7333,0.5706,0.8176,0.7273,0.736,-0.0087
17060,Darnius,1,549.0,477.081,393.0,270.0,84.081,20555.0,48.3,27.5,82.5,0.129,0.0355,0.2604,0.1372,0.1982,0.4899,0.687,0.5659,0.1762,0.2578,0.64,0.4074,0.6533,0.6321,0.7623,0.7335,0.687,0.0465
17061,Das,1,270.0,227.07,208.0,143.0,19.07,36873.0,44.6,21.5,90.4,0.061,0.0162,0.5204,0.0424,0.3409,0.7939,0.6875,0.6298,0.084,0.2863,0.7305,0.5455,0.7346,0.6667,0.8087,0.7833,0.6875,0.0958
17062,"Escala, L'",5,10580.0,8953.72,6225.0,3635.0,2728.72,21586.3965,45.5876,23.408,70.9038,0.2971,0.019,0.2462,0.1552,0.242,0.6612,0.5839,0.406,0.3048,0.2893,0.5826,0.3843,0.6189,0.5812,0.729,0.6729,0.5839,0.0889
17063,Espinelves,1,254.0,210.058,197.0,143.0,13.058,26201.0,42.7,18.1,96.9,0.0628,0.0041,0.4098,0.0752,0.2745,0.4822,0.7259,0.6808,0.0622,0.2571,0.8693,0.7273,0.6928,0.6852,0.9075,0.8547,0.7259,0.1289
17064,Espolla,1,412.0,360.912,314.0,228.0,46.912,25228.0,49.5,31.6,87.1,0.099,0.0363,0.3052,0.0535,0.1706,0.4257,0.7261,0.6317,0.13,0.2383,0.6988,0.4868,0.6738,0.6646,0.8067,0.7685,0.7261,0.0424
17065,Esponellà,1,424.0,343.016,340.0,231.0,3.016,27954.0,44.4,24.1,89.6,0.088,0.0086,0.393,0.0415,0.2288,0.326,0.6794,0.6734,0.0088,0.3178,0.8371,0.697,0.7463,0.6949,0.784,0.8224,0.6794,0.143
17066,Figueres,25,48374.0,38529.979,27430.0,15209.0,11099.979,18700.0742,40.1617,16.3597,71.1911,0.2743,0.0485,0.1774,0.1984,0.2989,0.1607,0.5545,0.3947,0.2881,0.3172,0.459,0.285,0.613,0.5731,0.6724,0.612,0.5545,0.0575
17067,Flaçà,1,1145.0,937.755,715.0,483.0,222.755,23109.0,42.9,20.1,75.2,0.2633,0.0,0.2892,0.0942,0.2313,0.1955,0.6755,0.5151,0.2375,0.2474,0.7895,0.5983,0.7174,0.671,0.8336,0.7827,0.6755,0.1071
17068,Foixà,1,291.0,259.863,242.0,175.0,17.863,32989.0,51.3,30.2,94.2,0.0572,0.0236,0.4111,0.042,0.1466,0.5285,0.7231,0.6734,0.0687,0.2578,0.7644,0.5486,0.7061,0.6449,0.7886,0.7549,0.7231,0.0318
17069,Fontanals de Cerdanya,1,518.0,439.782,421.0,302.0,18.782,34251.0,46.3,25.9,93.6,0.0663,0.0312,0.484,0.0524,0.2863,0.8133,0.7173,0.6867,0.0427,0.2706,0.7037,0.4371,0.7143,0.6845,0.7857,0.7521,0.7173,0.0347
17070,Fontanilles,1,168.0,145.992,124.0,86.0,21.992,28495.0,46.7,26.8,85.7,0.1447,0.044,0.3669,0.0811,0.2,0.5175,0.6935,0.5891,0.1506,0.2603,0.8276,0.6163,0.7523,0.6847,0.8545,0.7909,0.6935,0.0974
17071,Fontcoberta,1,1501.0,1205.303,1107.0,809.0,98.303,28916.0,43.2,22.0,96.1,0.0369,0.015,0.3836,0.0647,0.0888,0.1434,0.7308,0.6712,0.0816,0.2472,0.8356,0.6131,0.7162,0.6861,0.867,0.8316,0.7308,0.1008
17073,Fornells de la Selva,2,2780.0,2190.452,2021.0,1463.0,169.452,34911.5914,40.9393,15.9885,94.0806,0.048,0.014,0.4671,0.0548,0.1315,0.1161,0.7239,0.6679,0.0774,0.2547,0.7526,0.5707,0.7819,0.7277,0.8742,0.8504,0.7239,0.1265
17074,Fortià,1,785.0,646.055,556.0,373.0,90.055,25251.0,43.5,19.9,87.9,0.1396,0.0266,0.3109,0.1308,0.1388,0.2682,0.6709,0.5774,0.1394,0.2833,0.6253,0.4611,0.6805,0.6608,0.8195,0.7519,0.6709,0.081
17075,Garrigàs,1,455.0,380.835,345.0,263.0,35.835,27187.0,44.0,18.5,91.4,0.1116,0.0257,0.3581,0.1057,0.2514,0.3446,0.7623,0.6906,0.0941,0.2153,0.7782,0.5513,0.7006,0.6212,0.8443,0.7559,0.7623,-0.0064
17076,Garrigoles,1,186.0,149.916,134.0,106.0,15.916,30990.0,44.9,22.6,88.7,0.1395,0.0058,0.4577,0.1084,0.3056,0.4857,0.791,0.7071,0.1062,0.1868,0.7263,0.4717,0.7317,0.6935,0.8279,0.7983,0.791,0.0073
17077,Garriguella,1,967.0,775.534,633.0,430.0,142.534,25032.0,43.9,23.1,82.3,0.2002,0.0209,0.3228,0.0941,0.1613,0.3529,0.6793,0.5545,0.1838,0.2618,0.6329,0.4488,0.6955,0.6734,0.7654,0.6991,0.6793,0.0198
17078,Ger,1,494.0,411.008,385.0,259.0,26.008,31315.0,44.0,21.5,93.9,0.0475,0.0198,0.4743,0.061,0.3301,0.7282,0.6727,0.6302,0.0633,0.3066,0.8531,0.6255,0.6818,0.6637,0.75,0.7313,0.6727,0.0586
17079,Girona,62,103458.0,84682.325,67444.0,42184.0,17238.325,25180.6896,41.0312,17.1203,79.9789,0.1981,0.0459,0.3791,0.1231,0.3041,0.2123,0.6255,0.4981,0.2036,0.2983,0.5778,0.3965,0.6894,0.6375,0.7781,0.7281,0.6255,0.1026
17080,Gombrèn,1,197.0,168.041,159.0,109.0,9.041,25332.0,46.3,23.9,92.9,0.0459,0.0357,0.4074,0.125,0.2597,0.586,0.6855,0.6487,0.0538,0.2975,0.7345,0.5505,0.695,0.6957,0.8611,0.7847,0.6855,0.0992
17081,Gualta,1,350.0,297.15,252.0,179.0,45.15,25090.0,45.7,21.7,80.9,0.2282,0.0424,0.3388,0.0989,0.2632,0.5625,0.7103,0.6024,0.1519,0.2457,0.8226,0.5587,0.6762,0.6626,0.7742,0.7381,0.7103,0.0278
17082,Guils de Cerdanya,1,557.0,474.007,483.0,301.0,0.0,30759.0,45.9,23.5,95.7,0.0337,0.0639,0.4719,0.0816,0.3249,0.741,0.6232,0.635,0.0,0.365,0.6948,0.505,0.6659,0.6115,0.7821,0.708,0.6232,0.0849
17083,Hostalric,3,4432.0,3590.04,3098.0,1975.0,492.04,21593.3518,41.9859,18.3868,86.8123,0.1426,0.0128,0.2512,0.1407,0.2131,0.1714,0.6375,0.5501,0.1371,0.3128,0.5277,0.3782,0.7015,0.6446,0.7839,0.7284,0.6375,0.0909
17084,Isòvol,1,330.0,270.93,266.0,188.0,4.93,29576.0,44.8,20.0,95.8,0.0287,0.0254,0.5115,0.0898,0.3111,0.6946,0.7068,0.6939,0.0182,0.2879,0.7485,0.6011,0.678,0.6134,0.7835,0.7149,0.7068,0.0081
17085,Jafre,1,387.0,335.916,295.0,218.0,40.916,25402.0,48.6,28.7,89.4,0.1283,0.0131,0.3776,0.1244,0.1958,0.3755,0.739,0.649,0.1218,0.2292,0.8159,0.6147,0.7611,0.7143,0.8522,0.8157,0.739,0.0767
17086,"Jonquera, La",2,3327.0,2666.842,1743.0,1016.0,923.842,19772.0574,39.9482,15.9164,64.9753,0.3441,0.079,0.1072,0.1931,0.2881,0.2109,0.5829,0.381,0.3464,0.2726,0.4113,0.249,0.6772,0.6177,0.7009,0.6309,0.5829,0.048
17087,Juià,1,290.0,238.09,236.0,175.0,2.09,26851.0,43.8,20.7,92.8,0.1258,0.0,0.3774,0.0993,0.1287,0.3442,0.7415,0.735,0.0088,0.2562,0.7709,0.64,0.7613,0.6756,0.7973,0.8174,0.7415,0.0758
17088,Lladó,1,828.0,656.604,614.0,424.0,42.604,24579.0,42.2,18.5,92.5,0.0735,0.0308,0.3593,0.0998,0.1711,0.2513,0.6906,0.6457,0.0649,0.2894,0.7666,0.5094,0.6953,0.6904,0.8097,0.7796,0.6906,0.0891
17089,Llagostera,4,9371.0,7511.583,6195.0,3692.0,1316.583,21433.6006,41.2932,17.1017,83.0307,0.1667,0.0186,0.2503,0.1383,0.2184,0.2467,0.596,0.4915,0.1753,0.3332,0.6373,0.4363,0.6612,0.6042,0.7394,0.6911,0.596,0.0951
17090,Llambilles,1,713.0,586.086,575.0,419.0,11.086,33625.0,43.7,18.8,96.6,0.0301,0.0261,0.3997,0.0468,0.1025,0.1498,0.7287,0.7149,0.0189,0.2662,0.7909,0.6348,0.7565,0.6789,0.8621,0.8163,0.7287,0.0876
17091,Llanars,1,504.0,437.976,394.0,247.0,43.976,24772.0,48.7,30.2,91.7,0.1182,0.015,0.3384,0.0826,0.1842,0.7088,0.6269,0.564,0.1004,0.3356,0.8277,0.5668,0.6861,0.6339,0.7789,0.757,0.6269,0.1301
17092,Llançà,3,5048.0,4338.247,3584.0,2349.0,754.247,22225.4913,46.8788,24.3168,84.1226,0.1538,0.0294,0.2498,0.1341,0.2181,0.5778,0.6554,0.5415,0.1739,0.2847,0.5746,0.4078,0.6765,0.6429,0.7672,0.6973,0.6554,0.0419
17093,Llers,1,1248.0,1059.552,933.0,621.0,126.552,24735.0,45.1,22.6,88.1,0.1001,0.0304,0.2916,0.1109,0.181,0.1764,0.6656,0.5861,0.1194,0.2945,0.7111,0.4895,0.6607,0.6319,0.7766,0.6977,0.6656,0.0321
17094,Llívia,1,1561.0,1322.167,1123.0,699.0,199.167,25072.0,43.6,18.6,85.6,0.1266,0.0324,0.3857,0.1067,0.2855,0.716,0.6224,0.5287,0.1506,0.3207,0.6856,0.485,0.6158,0.5685,0.7228,0.7155,0.6224,0.0931
17095,Lloret de Mar,15,40514.0,33275.765,20724.0,11928.0,12551.765,18658.5185,41.7379,16.5617,62.0982,0.3587,0.0396,0.1889,0.2163,0.2766,0.3586,0.5756,0.3585,0.3772,0.2643,0.3359,0.2127,0.6455,0.59,0.702,0.6305,0.5756,0.0549
17096,"Llosses, Les",1,199.0,168.951,156.0,91.0,12.951,22916.0,44.7,19.6,93.5,0.0622,0.0048,0.4343,0.0973,0.4091,0.3973,0.5833,0.5386,0.0767,0.3847,0.8362,0.6044,0.6461,0.5922,0.689,0.7296,0.5833,0.1462
17097,Madremanya,1,288.0,230.976,204.0,154.0,26.976,30169.0,44.8,21.9,84.7,0.1254,0.0204,0.5292,0.0616,0.1981,0.3728,0.7549,0.6667,0.1168,0.2165,0.8471,0.6234,0.7487,0.7551,0.8643,0.85,0.7549,0.0951
17098,Maià de Montcal,1,448.0,383.04,316.0,201.0,67.04,25184.0,46.4,20.8,86.8,0.1755,0.0169,0.33,0.1018,0.2955,0.3043,0.6361,0.5247,0.175,0.3002,0.6595,0.5224,0.7203,0.6379,0.8086,0.7532,0.6361,0.1172
17099,Meranges,1,111.0,98.013,91.0,64.0,7.013,24277.0,48.4,20.7,93.7,,,,,,,0.7033,0.653,0.0716,0.2755,0.6909,0.4688,0.75,0.7037,0.7564,0.7051,0.7033,0.0018
17100,Masarac i Vilarnadal,1,279.0,234.918,204.0,133.0,30.918,24930.0,43.9,19.0,84.2,0.1831,0.0106,0.2805,0.0922,0.243,0.2465,0.652,0.5662,0.1316,0.3022,0.8231,0.6015,0.7136,0.6856,0.8051,0.7617,0.652,0.1097
17101,Massanes,1,843.0,661.755,603.0,370.0,58.755,19424.0,41.8,19.3,92.8,0.0486,0.0174,0.25,0.2299,0.2201,0.4192,0.6136,0.5591,0.0888,0.3521,0.5835,0.3622,0.6703,0.6208,0.7384,0.6873,0.6136,0.0737
17102,Maçanet de Cabrenys,1,775.0,678.125,571.0,385.0,107.125,20278.0,49.6,29.6,84.1,0.1297,0.0352,0.2958,0.1114,0.2342,0.5132,0.6743,0.5677,0.158,0.2743,0.8065,0.4779,0.6892,0.7005,0.8011,0.7158,0.6743,0.0416
17103,Maçanet de la Selva,4,7899.0,6499.805,5558.0,3222.0,941.805,20322.6559,42.4889,18.5318,86.2141,0.1347,0.0188,0.1836,0.2104,0.1892,0.3418,0.5797,0.4957,0.1449,0.3594,0.4287,0.297,0.6374,0.5807,0.7032,0.632,0.5797,0.0523
17105,Mieres,1,348.0,299.976,266.0,151.0,33.976,23514.0,46.9,22.7,89.7,0.0946,0.0171,0.4433,0.1359,0.2431,0.3628,0.5677,0.5034,0.1133,0.3834,0.7701,0.3907,0.6667,0.5951,0.7854,0.754,0.5677,0.1864
17106,Mollet de Peralada,1,215.0,182.965,155.0,108.0,27.965,23646.0,49.1,31.2,85.1,0.0812,0.0406,0.2927,0.1098,0.225,0.3277,0.6968,0.5903,0.1528,0.2569,0.7632,0.4722,0.777,0.7357,0.8671,0.8028,0.6968,0.106
17107,Molló,1,373.0,317.05,296.0,194.0,21.05,23432.0,47.4,27.6,92.8,0.0551,0.0087,0.3953,0.0581,0.1757,0.6844,0.6554,0.6119,0.0664,0.3217,0.8116,0.5979,0.7052,0.6326,0.8216,0.7753,0.6554,0.1199
17109,Montagut i Oix,1,991.0,818.566,749.0,479.0,69.566,25442.0,43.7,18.1,91.7,0.0778,0.0105,0.3501,0.1004,0.2137,0.3126,0.6395,0.5852,0.085,0.3298,0.8192,0.5741,0.6392,0.6063,0.7994,0.7699,0.6395,0.1304
17110,Mont-ras,1,1691.0,1440.732,1293.0,881.0,147.732,25354.0,46.8,24.9,90.1,0.0809,0.0335,0.2714,0.1106,0.125,0.2862,0.6814,0.6115,0.1025,0.286,0.5111,0.3507,0.7192,0.6475,0.8006,0.7432,0.6814,0.0619
17111,Navata,1,1466.0,1181.596,1009.0,703.0,172.596,27171.0,42.7,17.9,86.0,0.1182,0.0317,0.3786,0.0922,0.2004,0.3776,0.6967,0.595,0.1461,0.259,0.7321,0.4879,0.7365,0.6705,0.8058,0.7398,0.6967,0.0431
17112,Ogassa,1,218.0,192.93,192.0,138.0,0.93,24508.0,49.6,28.0,97.3,0.025,0.0083,0.2657,0.122,0.2736,0.5023,0.7188,0.7153,0.0048,0.2799,0.6892,0.5725,0.7344,0.6684,0.7938,0.7475,0.7188,0.0287
17114,Olot,21,37120.0,30752.0,23600.0,13757.0,7152.0,22705.1738,42.9106,20.1392,74.9014,0.2219,0.0436,0.268,0.0994,0.2331,0.1708,0.5829,0.4474,0.2326,0.3201,0.6725,0.4546,0.6582,0.607,0.7546,0.7058,0.5829,0.1229
17115,Ordis,1,383.0,307.932,286.0,215.0,21.932,26960.0,43.0,20.1,92.4,0.073,0.0081,0.3452,0.0595,0.1172,0.2289,0.7517,0.6982,0.0712,0.2306,0.774,0.5721,0.704,0.6489,0.8129,0.7536,0.7517,0.0019
17116,Osor,1,422.0,375.158,350.0,230.0,25.158,22286.0,49.0,25.6,93.6,0.0607,0.0421,0.2979,0.1636,0.246,0.4119,0.6571,0.6131,0.0671,0.3199,0.8276,0.5696,0.6983,0.6441,0.7994,0.7436,0.6571,0.0864
17117,Palafrugell,11,23906.0,19349.784,14755.0,8866.0,4594.784,20162.1222,42.2493,18.862,76.2285,0.2254,0.0318,0.2074,0.1722,0.2268,0.3427,0.6009,0.4582,0.2375,0.3043,0.4993,0.3107,0.6511,0.5901,0.7301,0.651,0.6009,0.0502
17118,Palamós,11,18396.0,15576.151,13130.0,8103.0,2446.151,22325.8965,45.0423,22.0457,84.461,0.1386,0.0562,0.271,0.1335,0.2257,0.365,0.6171,0.5202,0.157,0.3227,0.5378,0.3621,0.6673,0.5953,0.7371,0.6744,0.6171,0.0573
17119,Palau de Santa Eulàlia,1,136.0,107.032,100.0,76.0,7.032,33136.0,43.8,22.8,89.0,0.0541,0.027,0.4483,0.1132,0.1837,0.3951,0.76,0.7101,0.0657,0.2242,0.6415,0.5658,0.8676,0.7297,0.7945,0.7465,0.76,-0.0135
17120,Palau-saverdera,1,1498.0,1204.392,854.0,532.0,350.392,23985.0,43.4,20.4,74.2,0.2694,0.029,0.2879,0.125,0.2121,0.4156,0.623,0.4417,0.2909,0.2674,0.6589,0.4211,0.6692,0.6578,0.7366,0.6804,0.623,0.0575
17121,Palau-sator,1,305.0,259.86,231.0,143.0,28.86,31920.0,46.9,23.0,89.2,0.1125,0.0547,0.3971,0.038,0.3417,0.5367,0.619,0.5503,0.1111,0.3386,0.8133,0.6573,0.7104,0.625,0.8035,0.7378,0.619,0.1187
17123,Palol de Revardit,1,467.0,379.204,354.0,253.0,25.204,28112.0,44.7,24.4,94.0,0.0561,0.0134,0.368,0.0711,0.1391,0.267,0.7147,0.6672,0.0665,0.2663,0.8357,0.6522,0.7703,0.7514,0.8812,0.8338,0.7147,0.1191
17124,Pals,1,2583.0,2192.967,1683.0,1077.0,509.967,25703.0,46.3,24.1,78.0,0.2081,0.0447,0.3209,0.1071,0.2004,0.7423,0.6399,0.4911,0.2325,0.2763,0.6905,0.4995,0.6691,0.6391,0.7862,0.7301,0.6399,0.0901
17125,Pardines,1,161.0,133.952,137.0,83.0,0.0,24651.0,46.7,23.0,97.5,0.0305,0.0,0.4113,0.0235,0.2063,0.7136,0.6058,0.6196,0.0,0.3804,0.89,0.6867,0.6822,0.6154,0.7481,0.7353,0.6058,0.1295
17126,Parlavà,1,429.0,354.783,323.0,244.0,31.783,26692.0,46.9,26.3,95.3,0.0482,0.0241,0.3826,0.1077,0.1605,0.3955,0.7554,0.6877,0.0896,0.2227,0.8996,0.668,0.8182,0.7588,0.8774,0.8513,0.7554,0.0958
17128,Pau,1,590.0,510.94,338.0,238.0,172.94,23149.0,46.8,25.1,70.0,0.3002,0.0,0.3346,0.0954,0.1909,0.2994,0.7041,0.4658,0.3385,0.1957,0.7113,0.542,0.7417,0.6656,0.807,0.7445,0.7041,0.0404
17129,Pedret i Marzà,1,188.0,147.956,132.0,90.0,15.956,24904.0,44.3,20.2,88.3,0.0811,0.0594,0.366,0.0698,0.169,0.3426,0.6818,0.6083,0.1078,0.2839,0.6574,0.4667,0.7226,0.7594,0.8333,0.7552,0.6818,0.0734
17130,"Pera, La",1,452.0,376.064,338.0,243.0,38.064,29088.0,46.1,23.7,90.3,0.0895,0.0022,0.4069,0.1196,0.2202,0.3778,0.7189,0.6462,0.1012,0.2526,0.8741,0.6667,0.75,0.6862,0.8323,0.8308,0.7189,0.1118
17132,Peralada,1,2025.0,1670.625,1458.0,1023.0,212.625,29520.0,44.0,21.2,88.0,0.1296,0.026,0.3755,0.0758,0.2157,0.3449,0.7016,0.6123,0.1273,0.2604,0.6928,0.4829,0.704,0.681,0.8162,0.7582,0.7016,0.0565
17133,"Planes d'Hostoles, Les",1,1719.0,1461.15,1309.0,810.0,152.15,23957.0,47.3,27.7,89.2,0.1144,0.0117,0.2753,0.1061,0.1825,0.3229,0.6188,0.5544,0.1041,0.3415,0.8238,0.5877,0.6995,0.6414,0.8233,0.7734,0.6188,0.1546
17134,Planoles,1,306.0,264.996,242.0,164.0,22.996,26629.0,49.4,27.5,89.5,0.1194,0.0193,0.4142,0.0845,0.2624,0.7606,0.6777,0.6189,0.0868,0.2943,0.8286,0.5366,0.6966,0.7105,0.8475,0.7955,0.6777,0.1178
17135,Pont de Molins,1,572.0,485.056,408.0,283.0,77.056,24862.0,44.6,20.6,86.5,0.1008,0.0456,0.2743,0.1115,0.1683,0.2353,0.6936,0.5834,0.1589,0.2577,0.5961,0.3958,0.7408,0.6989,0.7823,0.7812,0.6936,0.0875
17136,Pontós,1,277.0,239.882,209.0,158.0,30.882,24312.0,46.2,22.7,88.1,0.1094,0.0227,0.4464,0.1053,0.2642,0.4045,0.756,0.6587,0.1287,0.2126,0.6733,0.4937,0.76,0.7022,0.8,0.7653,0.756,0.0093
17137,Porqueres,3,4734.0,3856.02,3574.0,2471.0,282.02,26593.9404,42.9871,18.8807,93.1616,0.0637,0.0162,0.3429,0.0649,0.1268,0.1102,0.6914,0.6408,0.0731,0.286,0.7895,0.5892,0.701,0.6672,0.8437,0.8067,0.6914,0.1153
17138,Portbou,1,1082.0,969.472,810.0,602.0,159.472,22002.0,51.3,32.9,81.0,0.1636,0.0346,0.194,0.1074,0.2331,0.5124,0.7432,0.621,0.1645,0.2145,0.4552,0.2841,0.7076,0.6864,0.7692,0.7069,0.7432,-0.0363
17139,"Preses, Les",1,1924.0,1564.212,1483.0,965.0,81.212,26596.0,42.6,18.8,94.8,0.0377,0.0276,0.3441,0.0689,0.1568,0.1434,0.6507,0.6169,0.0519,0.3312,0.7766,0.5565,0.7033,0.6481,0.8343,0.8017,0.6507,0.151
17140,"Port de la Selva, El",1,1058.0,911.996,687.0,488.0,224.996,25370.0,46.8,25.5,75.6,0.2369,0.0089,0.2878,0.0802,0.2579,0.809,0.7103,0.5351,0.2467,0.2182,0.6976,0.6066,0.7389,0.7134,0.8435,0.7969,0.7103,0.0865
17141,Puigcerdà,5,9733.0,8084.232,6290.0,3596.0,1794.232,20513.3479,41.7207,16.6214,77.4801,0.2085,0.0774,0.2415,0.1075,0.3269,0.3872,0.5717,0.4448,0.2219,0.3332,0.5248,0.3648,0.6284,0.5431,0.7001,0.6405,0.5717,0.0688
17142,Quart,2,4073.0,3101.421,2859.0,2000.0,242.421,28276.1576,39.202,15.317,93.9,0.0459,0.0267,0.4085,0.0633,0.1414,0.1207,0.6995,0.6449,0.0782,0.277,0.6071,0.429,0.7661,0.7082,0.8418,0.7984,0.6995,0.0988
17143,Rabós,1,239.0,197.892,145.0,88.0,52.892,21500.0,45.3,24.7,73.6,0.1907,0.0093,0.2826,0.0762,0.234,0.4807,0.6069,0.4447,0.2673,0.288,0.8269,0.5227,0.7466,0.7254,0.7986,0.7172,0.6069,0.1103
17144,Regencós,1,279.0,236.871,210.0,154.0,26.871,23126.0,47.3,24.7,90.3,0.0922,0.0461,0.3198,0.1212,0.2455,0.4086,0.7333,0.6501,0.1134,0.2364,0.7284,0.4675,0.6714,0.6845,0.8143,0.7678,0.7333,0.0344
17145,Ribes de Freser,2,1834.0,1613.572,1471.0,927.0,142.572,23441.1352,48.8358,28.1073,88.7109,0.0804,0.0216,0.3309,0.1024,0.2153,0.5234,0.6302,0.5745,0.0884,0.3371,0.7375,0.4854,0.6741,0.6525,0.7772,0.7376,0.6302,0.1074
17146,Riells i Viabrea,2,4497.0,3751.371,3402.0,2104.0,349.371,23158.1234,42.3845,16.5241,92.5845,0.0651,0.0308,0.3082,0.1629,0.1514,0.3148,0.6185,0.5609,0.0931,0.346,0.5016,0.3275,0.6814,0.6292,0.7688,0.7121,0.6185,0.0936
17147,Ripoll,8,10725.0,8962.476,7758.0,4642.0,1204.476,22731.2018,45.3642,24.1295,84.9942,0.1375,0.0159,0.26,0.1109,0.2176,0.2197,0.5984,0.5179,0.1344,0.3477,0.6283,0.394,0.6749,0.6194,0.7745,0.7165,0.5984,0.1182
17148,Riudarenes,1,2444.0,2016.3,1671.0,1007.0,345.3,23225.0,42.6,18.7,85.9,0.1246,0.0162,0.2355,0.1362,0.1803,0.3812,0.6026,0.4994,0.1713,0.3293,0.5781,0.4141,0.6879,0.6475,0.7609,0.7232,0.6026,0.1206
17149,Riudaura,1,514.0,402.976,389.0,257.0,13.976,25506.0,41.8,17.3,95.5,0.0448,0.0215,0.432,0.0871,0.1889,0.2969,0.6607,0.6378,0.0347,0.3276,0.8609,0.6693,0.7355,0.6813,0.8626,0.8162,0.6607,0.1555
17150,Riudellots de la Selva,1,2128.0,1751.344,1474.0,1049.0,277.344,26575.0,42.7,19.6,87.6,0.1347,0.0145,0.2899,0.0777,0.1813,0.1234,0.7117,0.599,0.1584,0.2427,0.7392,0.5624,0.7633,0.6867,0.8408,0.8151,0.7117,0.1034
17151,Riumors,1,264.0,225.984,175.0,112.0,50.984,25493.0,44.9,19.3,82.2,0.16,0.0,0.3379,0.12,0.2043,0.4,0.64,0.4956,0.2256,0.2788,0.7634,0.5625,0.7126,0.6379,0.8108,0.7318,0.64,0.0918
17152,Roses,11,20035.0,16495.087,11343.0,6640.0,5152.087,19409.3932,42.8313,19.082,69.3929,0.2993,0.0384,0.2156,0.181,0.2693,0.4812,0.5854,0.4025,0.3123,0.2851,0.391,0.247,0.6343,0.5875,0.6902,0.6289,0.5854,0.0435
17153,Rupià,1,318.0,251.856,204.0,152.0,47.856,29576.0,43.1,18.9,81.8,0.1224,0.0137,0.5254,0.0714,0.2193,0.4328,0.7451,0.6035,0.19,0.2065,0.84,0.6447,0.7527,0.7074,0.8617,0.7937,0.7451,0.0486
17154,Sales de Llierca,1,157.0,138.945,110.0,85.0,28.945,23770.0,47.9,24.8,82.2,0.2025,0.0122,0.625,0.0952,0.2667,0.3103,0.7727,0.6118,0.2083,0.1799,0.6579,0.4941,0.6739,0.7283,0.8485,0.7525,0.7727,-0.0203
17155,Salt,15,33232.0,25534.033,15682.0,8604.0,9852.033,16986.3242,37.6122,13.0461,62.9692,0.3817,0.0216,0.1623,0.2008,0.2835,0.0895,0.5487,0.337,0.3858,0.2772,0.4633,0.3035,0.6322,0.578,0.6936,0.6364,0.5487,0.0878
17157,Sant Andreu Salou,1,161.0,126.063,124.0,97.0,2.063,30065.0,42.0,19.3,96.9,0.039,0.0389,0.4651,0.0533,0.2041,0.3797,0.7823,0.7695,0.0164,0.2142,0.7019,0.6289,0.8254,0.76,0.8629,0.8525,0.7823,0.0702
17158,Sant Climent Sescebes,1,663.0,570.843,508.0,303.0,62.843,22452.0,42.1,16.4,85.2,0.1308,0.0281,0.2814,0.0733,0.2167,0.4454,0.5965,0.5308,0.1101,0.3591,0.5372,0.4026,0.6121,0.5798,0.7201,0.5239,0.5965,-0.0726
17159,Sant Feliu de Buixalleu,1,878.0,734.886,677.0,439.0,57.886,24904.0,46.0,24.0,93.7,0.0667,0.0161,0.3276,0.1771,0.2131,0.4563,0.6484,0.5974,0.0788,0.3239,0.7451,0.5125,0.7002,0.6423,0.778,0.7379,0.6484,0.0895
17160,Sant Feliu de Guíxols,12,22828.0,18861.238,15094.0,9268.0,3767.238,20359.7815,43.7281,21.2453,80.147,0.1838,0.0375,0.2604,0.1635,0.2173,0.342,0.614,0.4914,0.1997,0.3089,0.4808,0.3134,0.6685,0.6231,0.7353,0.6704,0.614,0.0564
17161,Sant Feliu de Pallerols,1,1540.0,1264.34,1104.0,767.0,160.34,26028.0,44.0,21.2,87.3,0.1252,0.022,0.3678,0.059,0.2004,0.3599,0.6947,0.6066,0.1268,0.2665,0.8092,0.6271,0.7444,0.7319,0.8438,0.825,0.6947,0.1303
17162,Sant Ferriol,1,225.0,175.95,154.0,95.0,21.95,21460.0,43.0,21.8,84.4,0.1619,0.0284,0.399,0.2105,0.2771,0.2455,0.6169,0.5399,0.1248,0.3353,0.7075,0.4632,0.619,0.5733,0.7308,0.6928,0.6169,0.0759
17163,Sant Gregori,3,4095.0,3186.621,3062.0,2102.0,134.221,33431.863,40.8916,17.8815,95.4088,0.0576,0.0119,0.4051,0.0707,0.164,0.1564,0.6865,0.6596,0.0421,0.2982,0.7852,0.5894,0.7298,0.6717,0.835,0.7953,0.6865,0.1088
17164,Sant Hilari Sacalm,3,5946.0,4884.172,3977.0,2319.0,907.172,21463.0114,44.2129,22.7568,80.6823,0.1991,0.0,0.206,0.1173,0.1988,0.2757,0.5831,0.4748,0.1857,0.3395,0.7591,0.5481,0.6394,0.5934,0.7828,0.7289,0.5831,0.1458
17165,Sant Jaume de Llierca,1,839.0,688.819,633.0,394.0,55.819,23733.0,45.6,24.7,90.1,0.1253,0.0201,0.3376,0.1058,0.2162,0.2183,0.6224,0.572,0.081,0.347,0.745,0.5431,0.6815,0.6692,0.8139,0.7783,0.6224,0.1559
17166,Sant Jordi Desvalls,1,855.0,691.695,592.0,434.0,99.695,24296.0,42.6,19.0,87.4,0.1181,0.0239,0.366,0.0746,0.2708,0.28,0.7331,0.6274,0.1441,0.2284,0.8416,0.6382,0.7481,0.7165,0.841,0.808,0.7331,0.0749
17167,Sant Joan de les Abadesses,3,3340.0,2814.135,2577.0,1737.0,237.135,24137.1243,47.5536,28.0341,90.6177,0.0736,0.022,0.3006,0.0849,0.2151,0.3235,0.674,0.6172,0.0843,0.2985,0.7484,0.5285,0.6956,0.6537,0.8133,0.7795,0.674,0.1055
17168,Sant Joan de Mollet,1,526.0,420.8,370.0,270.0,50.8,26091.0,43.1,19.2,87.5,0.094,0.01,0.3269,0.0605,0.1808,0.2371,0.7297,0.6416,0.1207,0.2376,0.7929,0.563,0.7299,0.6842,0.876,0.8284,0.7297,0.0987
17169,Sant Julià de Ramis,3,3604.0,2871.302,2660.0,1773.0,211.302,28053.2347,40.5478,15.6511,91.0253,0.0922,0.0175,0.33,0.0837,0.1461,0.1131,0.6665,0.6175,0.0736,0.3089,0.5944,0.4208,0.7002,0.6541,0.8198,0.7571,0.6665,0.0905
17170,Vallfogona de Ripollès,1,222.0,194.916,191.0,138.0,3.916,24004.0,49.1,26.6,96.9,0.028,0.0187,0.3895,0.1308,0.3191,0.5228,0.7225,0.708,0.0201,0.2719,0.9071,0.7536,0.686,0.731,0.8167,0.8092,0.7225,0.0867
17171,Sant Llorenç de la Muga,1,258.0,221.88,184.0,147.0,37.88,23433.0,47.7,22.1,79.5,0.2313,0.0,0.3846,0.1407,0.2655,0.567,0.7989,0.6625,0.1707,0.1668,0.7609,0.5986,0.7546,0.7091,0.8314,0.7797,0.7989,-0.0193
17172,Sant Martí de Llémena,1,685.0,545.26,509.0,331.0,36.26,25839.0,41.4,15.2,91.2,0.0818,0.0212,0.4,0.0925,0.2016,0.3655,0.6503,0.607,0.0665,0.3264,0.7411,0.5045,0.6814,0.6608,0.7702,0.7434,0.6503,0.0931
17173,Sant Martí Vell,1,236.0,202.016,195.0,138.0,7.016,24663.0,44.9,19.1,89.0,0.1189,0.0368,0.3825,0.1639,0.2805,0.3109,0.7077,0.6831,0.0347,0.2822,0.7413,0.6304,0.7833,0.7333,0.8571,0.7901,0.7077,0.0824
17174,Sant Miquel de Campmajor,1,250.0,205.0,178.0,107.0,27.0,25573.0,43.2,19.6,91.6,0.1181,0.0127,0.42,0.0932,0.2716,0.3955,0.6011,0.522,0.1317,0.3463,0.8538,0.5888,0.5795,0.5562,0.8148,0.7927,0.6011,0.1916
17175,Sant Miquel de Fluvià,1,829.0,664.858,572.0,341.0,92.858,19348.0,42.7,19.5,82.3,0.1323,0.022,0.1975,0.2304,0.1709,0.2382,0.5962,0.5129,0.1397,0.3474,0.3822,0.2199,0.6321,0.5554,0.6755,0.6225,0.5962,0.0264
17176,Sant Mori,1,164.0,145.96,124.0,102.0,21.96,33022.0,48.6,26.8,82.9,0.1737,0.1077,0.3267,0.1852,0.3158,0.5422,0.8226,0.6988,0.1505,0.1507,0.5586,0.4314,0.7459,0.7419,0.8943,0.8672,0.8226,0.0446
17177,Sant Pau de Segúries,1,722.0,618.032,589.0,381.0,29.032,22958.0,49.1,31.4,94.2,0.0455,0.0206,0.3291,0.0752,0.1561,0.4765,0.6469,0.6165,0.047,0.3366,0.7606,0.4829,0.6377,0.6047,0.8095,0.758,0.6469,0.1111
17178,Sant Pere Pescador,1,2142.0,1745.73,1082.0,664.0,663.73,20383.0,42.1,17.1,62.4,0.3701,0.0,0.2231,0.1358,0.2528,0.5177,0.6137,0.3804,0.3802,0.2394,0.7235,0.5105,0.6491,0.6176,0.7614,0.7268,0.6137,0.1131
17180,Santa Coloma de Farners,6,13791.0,11117.675,8922.0,5365.0,2195.675,21910.496,41.3311,17.5465,79.4023,0.2141,0.0029,0.2615,0.1256,0.2187,0.1771,0.6013,0.4826,0.1975,0.3199,0.6778,0.4654,0.6541,0.5977,0.7602,0.7025,0.6013,0.1012
17181,Santa Cristina d'Aro,2,5784.0,4737.008,3746.0,2434.0,991.008,25584.1293,42.9481,18.4472,81.8033,0.1681,0.0467,0.3508,0.1072,0.1772,0.4036,0.6498,0.5138,0.2092,0.277,0.5399,0.3644,0.6722,0.6332,0.7684,0.7097,0.6498,0.0599
17182,Santa Llogaia d'Àlguema,1,400.0,316.8,275.0,177.0,41.8,19302.0,40.1,17.3,91.5,0.0544,0.0363,0.178,0.1553,0.2063,0.1656,0.6436,0.5587,0.1319,0.3093,0.2769,0.2147,0.729,0.6882,0.8088,0.7249,0.6436,0.0813
17183,Sant Aniol de Finestres,1,357.0,298.095,257.0,178.0,41.095,29141.0,46.5,25.5,85.2,0.108,0.034,0.4233,0.1369,0.2331,0.4192,0.6926,0.5971,0.1379,0.265,0.802,0.7303,0.6788,0.6498,0.8471,0.7787,0.6926,0.086
17184,Santa Pau,1,1552.0,1300.576,1270.0,821.0,30.576,27145.0,47.1,26.2,94.7,0.0531,0.0146,0.3583,0.0882,0.1786,0.2748,0.6465,0.6313,0.0235,0.3452,0.8041,0.5773,0.7099,0.6491,0.8449,0.8057,0.6465,0.1593
17185,Sant Joan les Fonts,3,3092.0,2574.06,2250.0,1379.0,324.06,25952.381,45.3135,24.5722,85.6754,0.1068,0.0218,0.2729,0.0876,0.1763,0.1649,0.6129,0.5357,0.1259,0.3384,0.7381,0.512,0.6747,0.6269,0.7811,0.7332,0.6129,0.1203
17186,Sarrià de Ter,3,5366.0,4296.198,3952.0,2640.0,344.198,24137.0393,41.6895,17.4014,91.7212,0.0752,0.0353,0.2824,0.092,0.1372,0.1026,0.668,0.6145,0.0801,0.3054,0.5315,0.3341,0.7271,0.6742,0.8146,0.7773,0.668,0.1092
17187,"Saus, Camallera i Llampaies",1,908.0,748.192,621.0,456.0,127.192,23585.0,45.2,23.2,82.7,0.0995,0.0332,0.3256,0.1169,0.2229,0.3578,0.7343,0.6095,0.17,0.2205,0.6835,0.5088,0.7536,0.7052,0.848,0.7936,0.7343,0.0593
17188,"Selva de Mar, La",1,220.0,194.92,174.0,121.0,20.92,22667.0,49.7,26.4,87.7,0.0714,0.0619,0.4271,0.1649,0.1935,0.6568,0.6954,0.6208,0.1073,0.2719,0.8134,0.5537,0.7636,0.7561,0.8225,0.7836,0.6954,0.0882
17189,"Cellera de Ter, La",2,2013.0,1686.54,1551.0,1113.0,135.54,23469.8689,45.6432,25.3472,90.5083,0.0933,0.0096,0.2798,0.0905,0.1512,0.2117,0.7176,0.6599,0.0804,0.2597,0.8331,0.6119,0.7388,0.7098,0.8659,0.8292,0.7176,0.1116
17190,Serinyà,1,1185.0,955.11,859.0,543.0,96.11,23978.0,42.3,18.4,91.6,0.0771,0.0281,0.333,0.1019,0.1951,0.2115,0.6321,0.5685,0.1006,0.3309,0.7869,0.6059,0.7031,0.6256,0.8126,0.7482,0.6321,0.1161
17191,Serra de Daró,1,231.0,189.882,172.0,136.0,17.882,28062.0,44.1,22.1,89.2,0.0932,0.0593,0.449,0.0673,0.2208,0.4867,0.7907,0.7162,0.0942,0.1896,0.8429,0.5809,0.7808,0.6525,0.8735,0.8589,0.7907,0.0682
17192,Setcases,1,192.0,172.032,152.0,104.0,20.032,23561.0,50.5,31.3,89.6,0.129,0.0323,0.3571,0.01,0.2125,0.8058,0.6842,0.6045,0.1164,0.279,0.729,0.5192,0.7448,0.6667,0.8288,0.7483,0.6842,0.064
17193,Sils,3,6671.0,5387.364,4605.0,2831.0,782.364,22992.5172,41.1985,16.7984,87.5285,0.128,0.0143,0.2353,0.1229,0.1863,0.231,0.6148,0.5255,0.1452,0.3293,0.5114,0.3342,0.6658,0.606,0.7426,0.6769,0.6148,0.0621
17194,Susqueda,1,95.0,85.975,79.0,55.0,6.975,,49.6,26.3,91.6,,,,,,,0.6962,0.6397,0.0811,0.2792,0.7857,0.6727,0.6923,0.6875,0.7949,0.7671,0.6962,0.0709
17195,"Tallada d'Empordà, La",1,476.0,404.124,351.0,261.0,53.124,33283.0,46.4,25.2,91.0,0.0815,0.0086,0.4785,0.1031,0.1882,0.3922,0.7436,0.6458,0.1315,0.2227,0.8066,0.5287,0.7574,0.7204,0.8655,0.8107,0.7436,0.0671
17196,Terrades,1,317.0,269.133,268.0,185.0,1.133,25084.0,44.6,19.2,91.5,0.0781,0.036,0.3404,0.1111,0.2202,0.414,0.6903,0.6874,0.0042,0.3084,0.685,0.4541,0.7056,0.6818,0.8182,0.7937,0.6903,0.1034
17197,Torrent,1,174.0,145.986,125.0,91.0,20.986,35235.0,46.7,25.3,89.7,0.0683,0.0124,0.3309,0.0921,0.2222,0.642,0.728,0.6233,0.1438,0.2329,0.7423,0.5165,0.7664,0.7727,0.8626,0.7578,0.728,0.0298
17198,Torroella de Fluvià,1,770.0,639.87,465.0,300.0,174.87,23449.0,42.9,16.0,73.1,0.2358,0.0513,0.3431,0.144,0.2326,0.3513,0.6452,0.4688,0.2733,0.2579,0.6124,0.4,0.6558,0.6294,0.7667,0.7025,0.6452,0.0574
17199,Torroella de Montgrí,7,12064.0,9969.388,7260.0,4449.0,2709.388,20866.1377,43.258,19.4633,73.0363,0.2757,0.0263,0.2808,0.1484,0.2366,0.4324,0.6128,0.4463,0.2718,0.282,0.6469,0.4417,0.6614,0.6051,0.7661,0.7043,0.6128,0.0915
17200,Tortellà,1,828.0,693.036,628.0,423.0,65.036,23605.0,46.2,24.0,91.2,0.0737,0.0381,0.3988,0.0846,0.2317,0.2588,0.6736,0.6104,0.0938,0.2958,0.7655,0.4917,0.6877,0.6917,0.8218,0.7516,0.6736,0.078
17201,Toses,1,192.0,162.048,155.0,96.0,7.048,28231.0,42.6,15.1,94.3,0.0282,0.0283,0.3684,0.0808,0.2714,0.7154,0.6194,0.5924,0.0435,0.3641,0.8155,0.5833,0.7266,0.6444,0.8392,0.7518,0.6194,0.1325
17202,Tossa de Mar,3,6241.0,5308.147,3945.0,2486.0,1363.147,21168.5276,44.624,20.4251,74.2612,0.2152,0.0494,0.271,0.1659,0.2509,0.6048,0.6302,0.4683,0.2568,0.2749,0.5369,0.387,0.6498,0.6014,0.7543,0.684,0.6302,0.0538
17203,Ultramort,1,214.0,175.052,162.0,105.0,13.052,24105.0,47.7,27.6,89.3,0.0881,0.0132,0.4011,0.0636,0.1842,0.3871,0.6481,0.5998,0.0746,0.3256,0.7937,0.419,0.7143,0.6471,0.8182,0.7636,0.6481,0.1155
17204,Ullà,1,1198.0,905.688,642.0,426.0,263.688,19903.0,39.8,16.4,68.2,0.3285,0.0,0.1928,0.1715,0.2312,0.2667,0.6636,0.4704,0.2911,0.2385,0.5967,0.4014,0.6851,0.6206,0.7735,0.7044,0.6636,0.0409
17205,Ullastret,1,266.0,223.972,205.0,137.0,18.972,28881.0,46.0,24.1,89.5,0.1,0.0,0.4136,0.0806,0.1263,0.5178,0.6683,0.6117,0.0847,0.3036,0.8503,0.6423,0.783,0.7548,0.872,0.799,0.6683,0.1308
17206,Urús,1,207.0,187.956,184.0,115.0,3.956,33789.0,47.1,19.8,91.3,0.0711,0.0521,0.5079,0.0792,0.2317,0.7657,0.625,0.6118,0.021,0.3671,0.7207,0.6522,0.6312,0.6027,0.7613,0.7025,0.625,0.0775
17207,"Vall d'en Bas, La",2,3208.0,2619.038,2505.0,1691.0,114.038,28185.4339,44.1,21.4592,96.0367,0.0375,0.0142,0.3795,0.0539,0.1973,0.2776,0.675,0.6457,0.0435,0.3108,0.8417,0.6209,0.7126,0.6695,0.832,0.7934,0.675,0.1183
17208,"Vall de Bianya, La",1,1321.0,1077.936,1021.0,608.0,56.936,26988.0,43.5,19.4,92.7,0.0653,0.0197,0.3843,0.0723,0.2189,0.2624,0.5955,0.564,0.0528,0.3831,0.7953,0.5378,0.681,0.597,0.791,0.7393,0.5955,0.1438
17209,Vall-llobrega,1,912.0,758.784,674.0,493.0,84.784,27609.0,42.5,16.1,91.5,0.0976,0.0195,0.4021,0.0814,0.1337,0.2909,0.7315,0.6497,0.1117,0.2385,0.6271,0.4219,0.768,0.7032,0.8439,0.7675,0.7315,0.036
17210,Ventalló,1,891.0,735.075,598.0,406.0,137.075,25571.0,44.5,21.8,82.4,0.1638,0.0207,0.3798,0.0576,0.2688,0.4419,0.6789,0.5523,0.1865,0.2612,0.7464,0.5764,0.686,0.6352,0.7741,0.7238,0.6789,0.0448
17211,Verges,1,1180.0,986.48,848.0,597.0,138.48,23316.0,46.2,25.0,85.9,0.1325,0.0111,0.3138,0.0998,0.2133,0.3177,0.704,0.6052,0.1404,0.2544,0.8227,0.6667,0.77,0.7,0.8351,0.8088,0.704,0.1048
17212,Vidrà,1,169.0,137.059,139.0,109.0,0.0,25032.0,43.6,21.3,98.8,0.0108,0.0107,0.2968,0.0808,0.2192,0.4065,0.7842,0.7953,0.0,0.2047,0.8559,0.6055,0.777,0.7376,0.8239,0.7655,0.7842,-0.0187
17213,Vidreres,4,8486.0,7034.675,5899.0,3394.0,1135.675,21929.0375,43.0144,18.5281,83.5628,0.1474,0.0241,0.2315,0.1499,0.1866,0.2697,0.5754,0.4825,0.1614,0.3561,0.5539,0.3975,0.6606,0.5972,0.7222,0.6564,0.5754,0.081
17214,Vilabertran,1,987.0,790.587,735.0,497.0,55.587,23347.0,43.8,22.4,92.4,0.065,0.0279,0.2615,0.0976,0.1477,0.1834,0.6762,0.6286,0.0703,0.301,0.7209,0.497,0.6671,0.6,0.8077,0.7227,0.6762,0.0465
17215,Vilablareix,2,3772.0,2882.108,2646.0,1889.0,236.108,30583.1729,39.6311,15.8351,97.4192,0.0191,0.0194,0.4316,0.0504,0.0867,0.0852,0.7139,0.6554,0.0819,0.2627,0.6631,0.4839,0.7686,0.7096,0.8693,0.8115,0.7139,0.0976
17216,Viladasens,1,212.0,171.932,162.0,107.0,9.932,26529.0,44.1,19.3,90.6,0.0884,0.0279,0.3716,0.0619,0.2179,0.3158,0.6605,0.6223,0.0578,0.3199,0.8689,0.5981,0.6788,0.6667,0.8194,0.7722,0.6605,0.1117
17217,Viladamat,1,481.0,410.774,377.0,261.0,33.774,26042.0,47.3,27.7,92.7,0.0616,0.0127,0.3383,0.0636,0.2033,0.3358,0.6923,0.6354,0.0822,0.2824,0.8537,0.6513,0.7701,0.7486,0.8839,0.82,0.6923,0.1277
17218,Vilademuls,1,851.0,678.247,589.0,417.0,89.247,26979.0,43.3,21.2,89.4,0.1254,0.0383,0.4263,0.1057,0.3028,0.3486,0.708,0.6148,0.1316,0.2536,0.8026,0.6139,0.7619,0.6942,0.8211,0.7917,0.708,0.0837
17220,Viladrau,1,1175.0,970.55,858.0,584.0,112.55,25438.0,44.4,19.5,89.3,0.0817,0.0255,0.3704,0.0671,0.2144,0.5512,0.6807,0.6017,0.116,0.2823,0.8428,0.6387,0.6942,0.6759,0.836,0.8102,0.6807,0.1296
17221,Vilafant,4,5668.0,4612.886,4251.0,2827.0,361.886,24146.3229,43.0923,20.7839,93.0613,0.0572,0.0264,0.246,0.1115,0.1159,0.089,0.665,0.6128,0.0785,0.3087,0.4825,0.3131,0.6891,0.6205,0.7852,0.7247,0.665,0.0597
17222,Vilaür,1,170.0,137.02,114.0,88.0,23.02,26710.0,43.3,20.6,86.5,0.1472,0.0062,0.4462,0.0685,0.1897,0.4821,0.7719,0.6422,0.168,0.1898,0.8851,0.6477,0.7798,0.7525,0.9048,0.8365,0.7719,0.0646
17223,Vilajuïga,1,1172.0,971.588,839.0,541.0,132.588,22983.0,43.4,18.9,88.3,0.1236,0.0203,0.2774,0.1239,0.1812,0.2391,0.6448,0.5568,0.1365,0.3067,0.5989,0.427,0.6543,0.6442,0.7788,0.7005,0.6448,0.0557
17224,Vilallonga de Ter,1,395.0,342.86,296.0,188.0,46.86,24841.0,46.3,20.3,83.0,0.1675,0.0,0.2853,0.0746,0.2557,0.7678,0.6351,0.5483,0.1367,0.315,0.7876,0.6064,0.6815,0.6051,0.7715,0.7559,0.6351,0.1207
17225,Vilamacolum,1,358.0,291.054,212.0,141.0,79.054,23494.0,42.6,21.5,73.5,0.3216,0.0,0.2616,0.0813,0.272,0.3243,0.6651,0.4844,0.2716,0.2439,0.7933,0.6241,0.6667,0.6495,0.7778,0.7317,0.6651,0.0666
17226,Vilamalla,1,1220.0,996.74,924.0,603.0,72.74,22869.0,43.5,21.0,93.9,0.052,0.0365,0.1808,0.1111,0.1141,0.1678,0.6526,0.605,0.073,0.322,0.3632,0.2438,0.6682,0.6332,0.752,0.6821,0.6526,0.0295
17227,Vilamaniscle,1,202.0,175.942,142.0,96.0,33.942,24829.0,47.2,27.7,83.7,0.1478,0.0345,0.4181,0.0476,0.1628,0.4557,0.6761,0.5456,0.1929,0.2614,0.7788,0.5938,0.7422,0.6667,0.7626,0.7075,0.6761,0.0314
17228,Vilanant,1,402.0,330.042,304.0,212.0,26.042,28594.0,44.2,18.7,90.8,0.098,0.01,0.3909,0.0521,0.2553,0.3155,0.6974,0.6423,0.0789,0.2788,0.6881,0.5094,0.7153,0.6215,0.8035,0.7649,0.6974,0.0675
17230,Vila-sacra,1,801.0,619.974,506.0,343.0,113.974,22832.0,40.6,17.7,84.9,0.1373,0.0366,0.2479,0.0866,0.2086,0.0702,0.6779,0.5532,0.1838,0.2629,0.577,0.3907,0.7408,0.6795,0.7956,0.7599,0.6779,0.0821
17232,Vilopriu,1,213.0,178.92,151.0,104.0,27.92,29209.0,46.1,29.1,90.1,0.0932,0.0297,0.6091,0.1089,0.375,0.5556,0.6887,0.5813,0.156,0.2627,0.7297,0.4808,0.6577,0.6053,0.7852,0.7603,0.6887,0.0715
17233,Vilobí d'Onyar,2,3236.0,2649.534,2404.0,1638.0,245.534,26392.6276,42.7752,18.8569,91.5885,0.1051,0.0187,0.3164,0.0741,0.1971,0.1328,0.6814,0.6182,0.0927,0.2891,0.7296,0.5147,0.7355,0.6761,0.8265,0.7895,0.6814,0.1082
17234,Biure,1,225.0,198.9,178.0,134.0,20.9,21949.0,49.5,28.9,87.6,0.1311,0.0123,0.2791,0.1182,0.1667,0.4074,0.7528,0.6737,0.1051,0.2212,0.5969,0.4627,0.6776,0.6319,0.8212,0.7127,0.7528,-0.0401
17901,"Cruïlles, Monells i Sant Sadurní de l'Heura",1,1300.0,1103.7,1004.0,656.0,99.7,27038.0,46.3,23.7,90.8,0.074,0.0265,0.3417,0.1134,0.1889,0.3772,0.6534,0.5944,0.0903,0.3153,0.7422,0.5198,0.7037,0.6312,0.8037,0.7427,0.6534,0.0893
17902,Forallac,2,1761.0,1474.87,1316.0,882.0,175.776,26726.4299,45.5295,24.1554,88.1069,0.0905,0.0187,0.3527,0.1093,0.169,0.3783,0.6702,0.598,0.1192,0.2828,0.7308,0.5442,0.7073,0.6529,0.8239,0.7666,0.6702,0.0964
17903,Sant Julià del Llor i Bonmatí,1,1376.0,1118.688,956.0,594.0,162.688,23321.0,41.9,18.7,85.1,0.1344,0.0204,0.2461,0.123,0.1704,0.1984,0.6213,0.531,0.1454,0.3236,0.7004,0.5084,0.7213,0.6332,0.8166,0.7712,0.6213,0.1499
