municipio,poblacion,renta,paro,edad_media,derecha,previsto,diferencia,psoe,sumar_iu_podemos,gana
Arahal,19139,17139,21.9,41.7,35.1,45.0,-10.0,49.5,12.8,PSOE
Marchena,19287,17053,23.2,41.9,49.7,44.6,5.0,37.4,11.0,PSOE
Osuna,17194,16859,22.9,42.3,37.4,44.1,-6.7,49.1,11.8,PSOE
Paradas,6794,15604,23.8,43.8,36.2,43.0,-6.8,44.2,17.3,PSOE
La Puebla de Cazalla,10737,15844,24.0,42.3,41.4,44.1,-2.7,40.5,16.2,PSOE
Morón de la Frontera,26997,16846,27.0,44.0,36.6,44.6,-8.1,45.1,15.7,PSOE
Écija,39433,16925,25.5,42.3,56.2,44.3,11.9,32.6,9.2,PP
Carmona,29794,17589,24.8,42.9,47.3,45.3,2.0,38.0,10.7,PSOE
Utrera,52013,17246,32.0,41.7,50.3,45.5,4.8,36.1,10.5,PSOE
