capital,provincia,m23_capital,m23_resto,m23_dif,g23_capital,g23_resto,g23_dif,m19_capital,m19_resto,m19_dif,m15_capital,m15_resto,m15_dif
Zamora,Zamora,59.8,74.3,-14.5,69.6,73.9,-4.3,65.4,76.6,-11.2,61.7,76.4,-14.7
Soria,Soria,58.9,73.1,-14.2,71.2,75.6,-4.4,62.2,74.2,-12.0,61.9,72.4,-10.5
Cuenca,Cuenca,65.8,78.2,-12.4,72.8,78.4,-5.6,66.2,79.4,-13.2,67.6,79.4,-11.8
Badajoz,Badajoz,63.0,74.6,-11.6,70.3,74.6,-4.3,58.3,73.4,-15.1,61.2,75.4,-14.2
Ávila,Ávila,64.9,76.3,-11.4,75.1,77.4,-2.3,71.2,79.9,-8.7,65.4,77.5,-12.1
Salamanca,Salamanca,60.3,71.7,-11.4,71.8,75.6,-3.8,63.2,74.8,-11.6,61.7,72.6,-10.9
Huelva,Huelva,54.2,65.3,-11.1,64.8,66.4,-1.6,51.0,66.2,-15.2,51.9,66.2,-14.3
Córdoba,Córdoba,58.0,69.0,-11.0,71.1,73.4,-2.3,56.2,69.5,-13.3,56.9,68.9,-12.0
Lleida,Lleida,51.2,61.9,-10.7,60.7,62.5,-1.8,60.2,71.1,-10.9,54.1,65.3,-11.2
Lugo,Lugo,64.1,74.6,-10.5,72.4,73.7,-1.3,61.2,75.1,-13.9,60.7,74.4,-13.7
Palencia,Palencia,64.2,74.5,-10.3,72.7,76.6,-3.9,67.6,78.0,-10.4,65.9,75.4,-9.5
Vitoria-Gasteiz,Álava,57.8,65.9,-8.1,66.5,69.3,-2.8,62.8,70.8,-8.0,64.4,68.2,-3.8
Teruel,Teruel,67.3,75.4,-8.1,73.3,75.8,-2.5,63.9,75.1,-11.2,63.5,73.9,-10.4
Cáceres,Cáceres,66.7,74.7,-8.0,74.7,73.5,1.2,64.7,75.7,-11.0,67.7,76.4,-8.7
Almería,Almería,53.3,61.2,-7.9,66.9,68.7,-1.8,54.7,63.0,-8.3,52.7,61.2,-8.5
Albacete,Albacete,66.0,73.8,-7.8,73.2,75.3,-2.1,62.1,73.5,-11.4,67.2,75.2,-8.0
Segovia,Segovia,65.6,73.4,-7.8,74.8,78.3,-3.5,68.0,76.1,-8.1,66.0,73.9,-7.9
Jaén,Jaén,63.1,70.7,-7.6,72.7,73.9,-1.2,59.8,70.8,-11.0,60.8,70.4,-9.6
León,León,60.4,67.7,-7.3,73.1,73.2,-0.1,63.8,70.0,-6.2,62.2,69.1,-6.9
Santander,Cantabria,64.8,72.0,-7.2,73.8,76.0,-2.2,64.3,72.7,-8.4,63.8,72.5,-8.7
Ourense,Ourense,65.5,71.9,-6.4,70.3,72.9,-2.6,64.6,74.8,-10.2,61.9,72.7,-10.8
Bilbao,Bizkaia,56.0,61.8,-5.8,66.1,68.6,-2.5,61.6,67.3,-5.7,59.2,63.9,-4.7
A Coruña,A Coruña,58.8,64.5,-5.7,73.4,72.8,0.6,62.6,67.0,-4.4,59.9,65.3,-5.4
Huesca,Huesca,62.8,68.5,-5.7,71.4,73.1,-1.7,63.2,69.0,-5.8,63.3,68.9,-5.6
Las Palmas de Gran Canaria,Las Palmas,50.2,55.7,-5.5,63.7,62.8,0.9,50.3,56.8,-6.5,56.5,60.4,-3.9
Castelló de la Plana,Castellón,64.0,68.8,-4.8,73.0,74.2,-1.2,59.1,67.2,-8.1,64.5,70.6,-6.1
Tarragona,Tarragona,51.7,56.3,-4.6,65.9,64.1,1.8,62.2,64.7,-2.5,55.8,59.9,-4.1
Ciudad Real,Ciudad Real,67.4,71.2,-3.8,75.2,74.2,1.0,64.4,69.8,-5.4,66.5,71.6,-5.1
Zaragoza,Zaragoza,66.2,69.9,-3.7,72.5,73.6,-1.1,65.4,69.7,-4.3,65.1,69.9,-4.8
Girona,Girona,49.8,53.4,-3.6,62.5,62.1,0.4,63.7,64.3,-0.6,55.0,57.9,-2.9
Burgos,Burgos,63.5,66.4,-2.9,73.3,72.8,0.5,66.9,70.5,-3.6,66.2,67.4,-1.2
Granada,Granada,61.4,64.3,-2.9,73.1,70.1,3.0,60.7,65.4,-4.7,59.6,65.0,-5.4
Logroño,La Rioja,69.8,72.7,-2.9,74.7,75.0,-0.3,66.7,71.3,-4.6,68.0,71.9,-3.9
Valladolid,Valladolid,67.0,69.9,-2.9,75.4,77.1,-1.7,68.9,74.0,-5.1,67.6,71.9,-4.3
Palma,Illes Balears,53.7,56.5,-2.8,62.5,64.2,-1.7,49.6,55.8,-6.2,53.7,57.8,-4.1
Santa Cruz de Tenerife,Santa Cruz de Tenerife,54.1,56.9,-2.8,63.6,64.2,-0.6,53.1,57.1,-4.0,54.8,59.9,-5.1
Alacant/Alicante,Alicante,60.5,62.9,-2.4,69.8,72.2,-2.4,55.5,58.2,-2.7,62.6,61.8,0.8
Málaga,Málaga,55.0,57.4,-2.4,67.4,67.2,0.2,55.2,57.2,-2.0,54.1,56.8,-2.7
Pamplona/Iruña,Navarra,66.3,67.8,-1.5,70.2,69.7,0.5,70.7,71.7,-1.0,69.3,71.5,-2.2
Pontevedra,Pontevedra,62.8,64.3,-1.5,75.4,73.5,1.9,62.3,67.1,-4.8,60.1,65.0,-4.9
Sevilla,Sevilla,61.2,61.9,-0.7,71.6,69.4,2.2,58.6,62.6,-4.0,59.4,62.1,-2.7
Oviedo,Asturias,63.8,64.3,-0.5,72.4,70.8,1.6,62.7,62.1,0.6,60.1,62.5,-2.4
Madrid,Madrid,68.5,68.8,-0.3,73.4,74.9,-1.5,67.6,66.0,1.6,68.2,66.8,1.4
Guadalajara,Guadalajara,67.4,67.6,-0.2,74.5,73.8,0.7,67.7,68.3,-0.6,68.3,68.9,-0.6
Donostia/San Sebastián,Gipuzkoa,59.7,59.9,-0.2,70.0,66.4,3.6,65.0,66.9,-1.9,66.3,64.0,2.3
Toledo,Toledo,69.8,69.7,0.1,77.2,73.5,3.7,69.5,70.7,-1.2,71.7,72.6,-0.9
València,Valencia,71.5,70.0,1.5,76.1,74.3,1.8,65.8,66.2,-0.4,71.5,72.5,-1.0
Murcia,Murcia,65.7,63.9,1.8,72.9,69.8,3.1,63.9,62.2,1.7,64.7,63.4,1.3
Cádiz,Cádiz,61.6,55.7,5.9,71.4,64.4,7.0,62.5,54.6,7.9,65.1,54.9,10.2
Barcelona,Barcelona,59.5,53.0,6.5,67.4,65.8,1.6,64.9,63.2,1.7,59.6,56.5,3.1
