municipio,poblacion,renta,pp_upn,psoe,sumar,bildu,vox,derecha,previsto,diferencia,gana
Pamplona/Iruña,205365,25201,34.5,24.7,13.6,17.7,4.9,39.4,36.5,2.9,PP
Cizur,3684,32016,52.0,14.3,6.5,7.6,14.4,66.3,39.6,26.8,PP
Zizur Mayor/Zizur Nagusia,15977,27860,30.0,25.0,15.9,17.0,5.6,35.5,37.8,-2.3,PP
Barañáin/Barañain,19264,25250,30.1,30.4,14.0,15.8,5.1,35.2,37.6,-2.4,PSOE
Burlada/Burlata,20620,22883,24.1,29.9,17.4,19.6,4.1,28.1,36.2,-8.1,PSOE
Valle de Egüés/Eguesibar,22132,27495,35.0,20.9,16.2,14.4,7.5,42.5,37.1,5.5,PP
Ansoáin/Antsoain,10549,22572,14.6,35.0,18.6,23.3,3.8,18.4,36.2,-17.8,PSOE
Villava/Atarrabia,9832,24768,19.3,26.5,14.4,30.7,3.2,22.5,36.7,-14.2,BILDU
Berrioplano/Berriobeiti,7472,25842,30.3,23.6,15.2,17.1,7.3,37.6,38.1,-0.5,PP
