mun_code,municipio,poblacion,renta_uc,paro_2021,2023_07_DER,pred_der,res_der,2023_07_IZQ,2004_03_IZQ
33060,San Martín del Rey Aurelio,15305.0,20139.0,0.256623,0.316561,0.4790149823475858,-0.16245398234758585,0.6518930000000001,0.648072
33037,Mieres,35755.0,20984.0,0.23877,0.327938,0.47579572552859845,-0.14785772552859844,0.640501,0.606216
33031,Langreo,38065.0,20126.0,0.242193,0.348879,0.47004619104031065,-0.12116719104031065,0.622494,0.611752
33032,Laviana,12267.0,21360.0,0.17795,0.368279,0.4801109413168736,-0.11183194131687357,0.6030800000000001,0.608036
33033,Lena,10182.0,21563.0,0.196622,0.381654,0.4845162689368294,-0.10286226893682943,0.595581,0.593539
33002,Aller,9931.0,21895.0,0.195702,0.41308500000000004,0.48868849391831215,-0.07560349391831211,0.564782,0.545258
33020,Corvera de Asturias,15512.0,20430.0,0.195637,0.40652299999999997,0.4722242690071432,-0.06570126900714324,0.560639,0.5772539999999999
33014,Carreño,10200.0,22655.0,0.167359,0.415325,0.47875186477467885,-0.06342686477467885,0.5555559999999999,0.568827
33004,Avilés,75189.0,22016.0,0.190798,0.45293700000000003,0.4751892165451808,-0.02225221654518078,0.518649,0.516696
33024,Gijón,267493.0,22898.0,0.190633,0.466832,0.4821843707886264,-0.01535237078862639,0.506316,0.532099
33066,Siero,52035.0,23176.0,0.153811,0.49495200000000006,0.4875182433822592,0.007433756617740872,0.476881,0.5092490000000001
33025,Gozón,10343.0,22972.0,0.13938,0.486819,0.4748576138354657,0.011961386164534293,0.488896,0.519519
33026,Grado,9578.0,20373.0,0.170126,0.49322699999999997,0.47310904119273056,0.02011795880726941,0.485804,0.532427
33035,Llanera,13909.0,23673.0,0.14304,0.523301,0.4923161448960504,0.030984855103949605,0.45167999999999997,0.518
33016,Castrillón,22073.0,24639.0,0.148596,0.525263,0.4889472986399177,0.03631570136008233,0.452548,0.49338699999999996
33034,Valdés,10808.0,20335.0,0.143896,0.519764,0.4581118035377111,0.06165219646228892,0.45736,0.49045300000000003
33044,Oviedo,218108.0,24111.0,0.159078,0.550718,0.4885303706292293,0.062187629370770714,0.422199,0.445351
33036,Llanes,13391.0,19605.0,0.200358,0.5299130000000001,0.4605169216757132,0.0693960783242869,0.449518,0.524006
33011,Cangas del Narcea,11381.0,21663.0,0.145463,0.583115,0.48834845997026055,0.0947665400297395,0.395003,0.426438
33076,Villaviciosa,15216.0,21076.0,0.152794,0.565886,0.46625681875026953,0.09962918124973047,0.414207,0.386867
