municipio,grupo,pp,psoe,izq_2004,izq_2023,der_2023,renta,gana,poblacion
Parla,sur,28.3,36.4,69.4,52.2,45.1,17942,PSOE,132621
Fuenlabrada,sur,30.4,37.5,64.1,52.4,45.0,20457,PSOE,188862
Leganés,sur,32.4,36.6,62.0,53.7,43.9,21756,PSOE,191539
Getafe,sur,32.2,34.4,62.4,53.1,44.6,23896,PSOE,189908
Alcorcón,sur,37.8,31.9,54.7,48.0,49.8,23503,PP,172536
Móstoles,sur,35.9,32.9,56.9,48.3,49.5,21168,PP,209802
Boadilla del Monte,noroeste,58.0,14.5,32.7,22.0,76.2,43769,PP,64659
Pozuelo de Alarcón,noroeste,58.9,15.3,32.4,22.1,76.4,49811,PP,87407
Majadahonda,noroeste,56.5,17.3,34.7,25.5,72.6,38270,PP,72227
Las Rozas de Madrid,noroeste,54.9,17.4,36.0,26.3,71.9,38462,PP,97748
Villanueva de la Cañada,noroeste,53.9,16.2,29.9,24.1,74.0,34220,PP,23057
