municipio,provincia,izq_2004,izq_2023,cambio,cambio_provincia,cambio_relativo
Manilva,Málaga,65.4,36.1,-29.2,-13.9,-15.3
Los Palacios y Villafranca,Sevilla,70.7,40.9,-29.8,-14.7,-15.1
Guía de Isora,Santa Cruz de Tenerife,50.8,42.9,-7.9,6.8,-14.7
Pilar de la Horadada,Alicante,42.5,27.5,-15.0,-1.1,-13.8
Almonte,Huelva,71.8,42.6,-29.1,-15.7,-13.5
Pizarra,Málaga,69.5,42.3,-27.2,-13.9,-13.3
Utiel,Valencia,54.7,43.0,-11.7,1.4,-13.1
El Rosario,Santa Cruz de Tenerife,46.2,40.3,-5.9,6.8,-12.6
Vegas del Genil,Granada,63.6,38.8,-24.8,-13.2,-11.6
Requena,Valencia,49.5,39.4,-10.1,1.4,-11.5
