mun_code,municipio,prov,poblacion,2023_07_DER,pred_der,res_der
11028,Puerto Real,11,41846.0,0.268902,0.5006143858989818,-0.2317123858989818
39020,Castro-Urdiales,39,33092.0,0.377273,0.5709890434019949,-0.19371604340199483
23053,Jódar,23,11362.0,0.299847,0.4894849754097781,-0.18963797540977811
31016,Ansoáin/Antsoain,31,10549.0,0.183618,0.3619796085030157,-0.1783616085030157
33060,San Martín del Rey Aurelio,33,15305.0,0.316561,0.4790149823475858,-0.16245398234758585
33037,Mieres,33,35755.0,0.327938,0.47579572552859845,-0.14785772552859844
09219,Miranda de Ebro,09,35745.0,0.394171,0.5407536012360402,-0.14658260123604022
41018,Brenes,41,12815.0,0.3172,0.4576304166569344,-0.1404304166569344
08298,Vic,08,48643.0,0.11358,0.24651232604088924,-0.13293232604088923
07042,Pollença,07,17395.0,0.396054,0.5283681647453087,-0.13231416474530866
30012,Bullas,30,11750.0,0.465834,0.5970377724099498,-0.1312037724099498
03047,Calp,03,26166.0,0.48684099999999997,0.6150641232721681,-0.12822312327216812
31903,Berriozar,31,10997.0,0.24229799999999999,0.37035806064231125,-0.12806006064231126
35015,Pájara,35,20966.0,0.340913,0.4687004132763283,-0.12778741327632825
01002,Amurrio,01,10278.0,0.092335,0.21950632535153286,-0.12717132535153286
31227,Tafalla,31,10698.0,0.25491600000000003,0.3804533929735742,-0.1255373929735742
03102,Pego,03,10633.0,0.389145,0.5137408337767616,-0.12459583377676159
41081,La Rinconada,41,39953.0,0.341485,0.4633184623725039,-0.12183346237250392
33031,Langreo,33,38065.0,0.348879,0.47004619104031065,-0.12116719104031065
03041,Benissa,03,12254.0,0.465383,0.5830506269628424,-0.11766762696284239
48017,Bermeo,48,16978.0,0.025713,0.14110202818294745,-0.11538902818294745
08285,Torelló,08,15031.0,0.106833,0.22178202128736407,-0.11494902128736408
30013,Calasparra,30,10201.0,0.497907,0.6120764459567369,-0.11416944595673695
03018,Altea,03,24027.0,0.453925,0.5660923379502375,-0.11216733795023748
07024,Formentera,07,10810.0,0.464374,0.5762142983546141,-0.11184029835461412
33032,Laviana,33,12267.0,0.368279,0.4801109413168736,-0.11183194131687357
14002,Aguilar de la Frontera,14,13097.0,0.38880699999999996,0.4991061864142411,-0.11029918641424113
28123,Rivas-Vaciamadrid,28,99816.0,0.439436,0.5494582007848874,-0.11002220078488739
15035,Fene,15,12489.0,0.353682,0.46365658646707814,-0.10997458646707814
21072,Valverde del Camino,21,12654.0,0.39116,0.500224435552774,-0.10906443555277395
33033,Lena,33,10182.0,0.381654,0.4845162689368294,-0.10286226893682943
08022,Berga,08,16950.0,0.09482399999999999,0.19656825325666732,-0.10174425325666733
08240,Sant Sadurní d'Anoia,08,12865.0,0.120006,0.2206762382602717,-0.10067023826027169
35009,Gáldar,35,24681.0,0.268538,0.36850746945705637,-0.09996946945705637
41011,Arahal,41,19139.0,0.35060800000000003,0.45019396442669424,-0.0995859644266942
03009,Alcoi/Alcoy,03,59866.0,0.410089,0.5090228971735401,-0.09893389717354012
17015,Banyoles,17,20511.0,0.080662,0.17869792526163258,-0.09803592526163259
48003,Amorebieta-Etxano,48,19541.0,0.055926,0.153625433526275,-0.097699433526275
27066,Viveiro,27,15000.0,0.465579,0.5618095335878887,-0.09623053358788863
03063,Dénia,03,46631.0,0.451638,0.547054465752735,-0.09541646575273499
07014,Capdepera,07,12953.0,0.41789,0.512133912104306,-0.09424391210430605
28130,San Fernando de Henares,28,38770.0,0.434672,0.5287197177514341,-0.09404771775143411
12138,Vinaròs,12,29700.0,0.41913,0.5124678917484871,-0.09333789174848706
45019,Bargas,45,10956.0,0.49983,0.5929093379151956,-0.09307933791519563
20059,Oñati,20,11316.0,0.029251,0.12065252010403779,-0.09140152010403779
36057,Vigo,36,292093.0,0.360656,0.45145335712559315,-0.09079735712559317
08112,Manlleu,08,21131.0,0.13886,0.2295567324515717,-0.0906967324515717
06095,Olivenza,06,11544.0,0.41916000000000003,0.5096566459671776,-0.0904966459671776
48046,Gernika-Lumo,48,16926.0,0.051005999999999996,0.14081004848175072,-0.08980404848175072
13005,Alcázar de San Juan,13,31108.0,0.499225,0.5890271090506035,-0.08980210905060354
01036,Laudio/Llodio,01,17924.0,0.10692600000000001,0.19407913042961092,-0.08715313042961091
46235,Sueca,46,28510.0,0.391249,0.47795792872164977,-0.08670892872164976
27019,Foz,27,10163.0,0.47700699999999996,0.5619277050933077,-0.08492070509330774
03082,Xàbia/Jávea,03,30126.0,0.5241560000000001,0.6088775141146477,-0.08472151411464768
36045,Redondela,36,28781.0,0.367852,0.45211992790605793,-0.08426792790605792
11012,Cádiz,11,110403.0,0.42161400000000004,0.5055337374109887,-0.08391973741098868
32054,Ourense,32,103495.0,0.473848,0.5573750954570785,-0.08352709545707854
14042,Montilla,14,22100.0,0.428238,0.5116431117251338,-0.08340511172513376
30902,Los Alcázares,30,19171.0,0.5785290000000001,0.6614955768009861,-0.08296657680098607
43161,Valls,43,24768.0,0.16506300000000002,0.24791909170257181,-0.0828560917025718
36022,O Grove,36,10839.0,0.353907,0.4363508625771745,-0.08244386257717445
02009,Almansa,02,24168.0,0.483956,0.5660491679728605,-0.08209316797286054
03056,Cocentaina,03,11302.0,0.44022300000000003,0.5217808521371836,-0.08155785213718358
31060,Burlada/Burlata,31,20620.0,0.281331,0.362427730140058,-0.08109673014005803
28065,Getafe,28,189908.0,0.44604900000000003,0.5271357075314507,-0.08108670753145064
41065,Morón de la Frontera,41,26997.0,0.365599,0.4462367124146275,-0.08063771241462747
46220,Sagunt/Sagunto,46,70877.0,0.404144,0.4847109986719512,-0.08056699867195122
20076,Ordizia,20,10557.0,0.060887,0.14028308661370228,-0.07939608661370229
18173,Salobreña,18,12597.0,0.451944,0.5306001613742498,-0.0786561613742498
20018,Azpeitia,20,15013.0,0.037863999999999995,0.11586746064604012,-0.07800346064604012
20017,Azkoitia,20,11641.0,0.051250000000000004,0.12886903917116163,-0.07761903917116163
28049,Coslada,28,79716.0,0.456855,0.5341428136312834,-0.07728781363128334
50095,Ejea de los Caballeros,50,16905.0,0.451149,0.52775062817957,-0.07660162817956995
41007,La Algaba,41,16680.0,0.379908,0.45627617364794426,-0.07636817364794424
43136,La Ràpita,43,15554.0,0.14263399999999998,0.21892153336994724,-0.07628753336994726
15031,Culleredo,15,30965.0,0.414744,0.4909990487305054,-0.07625504873050543
11023,Medina Sidonia,11,11659.0,0.406426,0.4825021704125555,-0.07607617041255549
03113,Rojales,03,16848.0,0.542847,0.6166464932039548,-0.07379949320395485
46102,Quart de Poblet,46,26097.0,0.40020200000000006,0.4739557322934287,-0.07375373229342863
13071,Puertollano,13,45208.0,0.49803200000000003,0.5714374109164381,-0.07340541091643804
19046,Azuqueca de Henares,19,35224.0,0.495047,0.5678481770452346,-0.07280117704523459
20074,Bergara,20,14384.0,0.041577,0.1140169159859408,-0.0724399159859408
20081,Zumaia,20,10187.0,0.039993,0.11221912660082226,-0.07222612660082225
39087,Torrelavega,39,50621.0,0.471371,0.5432878617257528,-0.07191686172575285
08088,La Garriga,08,16989.0,0.14324,0.21511969474079776,-0.07187969474079775
42173,Soria,42,40297.0,0.38786,0.4595692493238197,-0.07170924932381972
41049,Guillena,41,13857.0,0.397073,0.468087013403233,-0.07101401340323299
16203,Tarancón,16,16581.0,0.529175,0.5993170688527566,-0.07014206885275664
35004,Arrecife,35,66693.0,0.35043,0.42057124440665405,-0.07014124440665404
35018,San Bartolomé,35,19609.0,0.359334,0.42876916844774643,-0.06943516844774644
08202,Sant Celoni,08,18539.0,0.135635,0.2048888602130105,-0.0692538602130105
28074,Leganés,28,191539.0,0.439233,0.5083237576187669,-0.06909075761876693
36008,Cangas,36,26664.0,0.36980999999999997,0.43697407811084643,-0.06716407811084646
41068,Osuna,41,17194.0,0.37371299999999996,0.4407063756733737,-0.06699337567337371
28106,Parla,28,132621.0,0.451116,0.5177581956954768,-0.06664219569547675
33020,Corvera de Asturias,33,15512.0,0.40652299999999997,0.4722242690071432,-0.06570126900714324
13056,Miguelturra,13,15665.0,0.502393,0.567574313787391,-0.065181313787391
20019,Beasain,20,13907.0,0.064094,0.12900978795639786,-0.06491578795639787
35034,Yaiza,35,17413.0,0.42302700000000004,0.4867936594136545,-0.06376665941365445
17044,Cassà de la Selva,17,10905.0,0.116925,0.18062931289718898,-0.06370431289718897
48085,Sopela,48,14865.0,0.092024,0.1557280741688107,-0.06370407416881071
33014,Carreño,33,10200.0,0.415325,0.47875186477467885,-0.06342686477467885
36029,Moaña,36,19293.0,0.380597,0.44223710602814137,-0.06164010602814135
35030,Tuineje,35,15993.0,0.384336,0.4459683659761322,-0.0616323659761322
35024,Teguise,35,23550.0,0.38930300000000007,0.4508546244878593,-0.061551624487859224
04035,Cuevas del Almanzora,04,15013.0,0.577088,0.638609902618303,-0.061521902618302926
08305,Vilafranca del Penedès,08,41086.0,0.139873,0.20071750420708187,-0.06084450420708187
30008,Alhama de Murcia,30,23548.0,0.592592,0.6525435896593781,-0.05995158965937808
20071,Tolosa,20,19934.0,0.050518,0.11019934957639196,-0.059681349576391964
05019,Ávila,05,58341.0,0.545033,0.6044645535028085,-0.05943155350280849
03139,"Vila Joiosa, la/Villajoyosa",03,36642.0,0.488217,0.546487554391036,-0.05827055439103601
17114,Olot,17,37120.0,0.122264,0.18025408311622676,-0.05799008311622676
28058,Fuenlabrada,28,188862.0,0.45011,0.5080732293327429,-0.057963229332742894
43155,Tortosa,43,34806.0,0.18717899999999998,0.24513173364425997,-0.057952733644259985
25217,Tàrrega,25,18431.0,0.14510499999999998,0.203055087711075,-0.057950087711075016
08123,Molins de Rei,08,26714.0,0.147404,0.20512617490966087,-0.05772217490966086
46184,Ontinyent,46,36045.0,0.422801,0.47911043878622206,-0.05630943878622208
20063,Oiartzun,20,10236.0,0.041902999999999996,0.09688244159305842,-0.054979441593058426
48027,Durango,48,29675.0,0.10427499999999999,0.15895652010129988,-0.05468152010129988
07062,Son Servera,07,12260.0,0.46179200000000004,0.5162669196886527,-0.054474919688652645
08046,Cardedeu,08,18965.0,0.14874099999999998,0.20315456884132807,-0.054413568841328086
20055,Arrasate/Mondragón,20,21761.0,0.060281,0.11415082483022318,-0.05386982483022318
41021,Camas,41,28632.0,0.406787,0.45995784147464003,-0.05317084147464002
46193,Picanya,46,11738.0,0.445209,0.4980547437263161,-0.05284574372631606
14049,Palma del Río,14,20419.0,0.460951,0.5136617472591751,-0.05271074725917513
03128,Teulada,03,12582.0,0.556702,0.6093798903555002,-0.05267789035550019
18100,Huétor Tájar,18,10643.0,0.459638,0.5121148379947251,-0.052476837994725134
03011,"Alfàs del Pi, l'",03,20007.0,0.535088,0.5867677191977646,-0.051679719197764595
32008,Barbadás,32,10845.0,0.501153,0.5526045743213945,-0.05145157432139458
46230,Silla,46,19893.0,0.434047,0.4852452890464831,-0.0511982890464831
26071,Haro,26,11822.0,0.484853,0.5360421124410428,-0.05118911244104285
18127,Maracena,18,22324.0,0.479974,0.5311552664417785,-0.05118126644177845
15030,A Coruña,15,245774.0,0.447053,0.49744652573620085,-0.05039352573620087
43901,Deltebre,43,11813.0,0.165357,0.21571191017314356,-0.05035491017314356
04075,Pulpí,04,10536.0,0.62105,0.6713566830580654,-0.050306683058065405
46078,Burjassot,46,40413.0,0.418074,0.46803131796536973,-0.04995731796536973
08219,Vilassar de Mar,08,21050.0,0.164411,0.2141749886850881,-0.049763988685088106
13053,Manzanares,13,17544.0,0.530724,0.5803296144010558,-0.04960561440105582
46238,Tavernes de la Valldigna,46,17491.0,0.422246,0.47024986669071955,-0.04800386669071954
26018,Arnedo,26,15085.0,0.513514,0.561044785423138,-0.04753078542313793
29012,Álora,29,13468.0,0.467519,0.5148364265945509,-0.04731742659455085
46019,"Alcúdia, l'",46,12295.0,0.442798,0.4894979209067202,-0.04669992090672015
39008,El Astillero,39,18298.0,0.513379,0.5599827133036737,-0.04660371330367363
48011,Arrigorriaga,48,11854.0,0.087562,0.1327302787615527,-0.04516827876155269
17022,La Bisbal d'Empordà,17,11487.0,0.110986,0.15613682187443984,-0.045150821874439834
20032,Elgoibar,20,11529.0,0.07268,0.11698099271026355,-0.044300992710263554
07048,Sant Josep de sa Talaia,07,30121.0,0.49832,0.5422289300986223,-0.04390893009862229
15017,Cambre,15,24736.0,0.442054,0.4857674550558253,-0.0437134550558253
11033,San Roque,11,33908.0,0.53386,0.5774147119608231,-0.043554711960823056
08102,Igualada,08,41371.0,0.156829,0.20026674135055345,-0.04343774135055345
04049,Garrucha,04,10412.0,0.591532,0.6349252640098926,-0.04339326400989263
23086,Torredelcampo,23,13925.0,0.482355,0.5254916146118337,-0.04313661461183371
25137,Mollerussa,25,15499.0,0.18877300000000002,0.23161900072948322,-0.04284600072948319
17180,Santa Coloma de Farners,17,13791.0,0.12785200000000002,0.17065941732869577,-0.04280741732869575
06158,Zafra,06,16549.0,0.487541,0.52956192927346,-0.04202092927346002
07032,Maó,07,30126.0,0.441288,0.48324328933676997,-0.04195528933676995
07046,Sant Antoni de Portmany,07,28405.0,0.499795,0.541558981009905,-0.04176398100990497
49275,Zamora,49,59169.0,0.542905,0.5846291556769152,-0.04172415567691523
35023,Santa María de Guía de Gran Canaria,35,14101.0,0.331824,0.37293343714438376,-0.041109437144383754
28167,Velilla de San Antonio,28,13872.0,0.500419,0.5414098767639581,-0.040990876763958184
41079,La Puebla del Río,41,11810.0,0.40751899999999996,0.4483837370407464,-0.040864737040746446
07026,Eivissa,07,52163.0,0.504066,0.5448980367887895,-0.04083203678878944
43014,Amposta,43,22232.0,0.18074099999999999,0.2215437196059624,-0.040802719605962406
47076,Laguna de Duero,47,22796.0,0.523175,0.5638593293290456,-0.04068432932904564
12005,"Alcora, l'",12,10520.0,0.47895299999999996,0.5192582338747366,-0.04030523387473661
48069,Mungia,48,17834.0,0.128188,0.16838942731460851,-0.04020142731460852
38001,Adeje,38,50289.0,0.390051,0.4300427923001513,-0.03999179230015132
15058,Oleiros,15,37998.0,0.495488,0.5345493038993727,-0.039061303899372735
46169,Mislata,46,45719.0,0.445849,0.48393534793621196,-0.03808634793621196
27028,Lugo,27,98465.0,0.512074,0.5501005061562153,-0.03802650615621528
15078,Santiago de Compostela,15,98047.0,0.455797,0.4929619164770546,-0.03716491647705461
03079,Ibi,03,24227.0,0.488868,0.5255741806720906,-0.03670618067209058
28113,Pinto,28,55575.0,0.48982600000000004,0.5263807038956513,-0.03655470389565124
08113,Manresa,08,78985.0,0.16813,0.20463516837365683,-0.03650516837365683
30029,Mula,30,17582.0,0.5731550000000001,0.6096339792773235,-0.036478979277323464
21035,Gibraleón,21,12970.0,0.464814,0.5009935433572731,-0.03617954335727308
08006,Arenys de Mar,08,16112.0,0.16283,0.19896086981663694,-0.036130869816636935
24142,San Andrés del Rabanedo,24,29725.0,0.456165,0.49223733859216423,-0.036072338592164244
07061,Sóller,07,13632.0,0.478732,0.5147746219235037,-0.03604262192350366
18022,Atarfe,18,20260.0,0.48886300000000005,0.5243206069534004,-0.03545760695340039
37294,Santa Marta de Tormes,37,14534.0,0.598565,0.632783095763421,-0.03421809576342094
08118,El Masnou,08,24101.0,0.17756,0.2117751313590417,-0.034215131359041695
39025,Los Corrales de Buelna,39,10705.0,0.5144839999999999,0.5486934390888969,-0.034209439088896954
38035,San Miguel de Abona,38,23061.0,0.385686,0.4197439190354501,-0.034057919035450135
35014,La Oliva,35,29098.0,0.444919,0.47883346671952876,-0.033914466719528746
36033,Mos,36,14927.0,0.42596,0.45968940550007775,-0.03372940550007775
46145,Xàtiva,46,29975.0,0.44966300000000003,0.48307580085140556,-0.03341280085140552
08106,Llinars del Vallès,08,10521.0,0.17896800000000002,0.2121529105209216,-0.033184910520921596
09018,Aranda de Duero,09,33360.0,0.507455,0.5406085866209175,-0.0331535866209175
30026,Mazarrón,30,34846.0,0.627634,0.6606090708883188,-0.03297507088831875
24115,Ponferrada,24,62798.0,0.45710799999999996,0.4900155960350775,-0.032907596035077535
08221,Sant Just Desvern,08,20499.0,0.240174,0.2728062955282478,-0.03263229552824781
21013,Bollullos Par del Condado,21,14397.0,0.473732,0.5060855327329391,-0.032353532732939116
32009,O Barco de Valdeorras,32,13247.0,0.545079,0.5770968773186083,-0.03201787731860828
08307,Vilanova i la Geltrú,08,67361.0,0.16980800000000001,0.2016592483384179,-0.031851248338417876
45161,Seseña,45,29417.0,0.579761,0.6113262263148255,-0.0315652263148255
48036,Galdakao,48,24716.0,0.105823,0.1370952238792005,-0.031272223879200506
30022,Jumilla,30,26746.0,0.594024,0.625225810849332,-0.031201810849332046
30003,Águilas,30,36959.0,0.5842609999999999,0.6149972298185872,-0.030736229818587257
38017,Granadilla de Abona,38,56338.0,0.358427,0.3891475703593297,-0.03072057035932968
50074,Caspe,50,10285.0,0.506085,0.5367532886901318,-0.03066828869013183
15005,Arteixo,15,33897.0,0.46252000000000004,0.49300279962597526,-0.03048279962597522
46181,Oliva,46,25994.0,0.464602,0.4950278617193312,-0.030425861719331204
46054,Benetússer,46,16214.0,0.44472999999999996,0.47473200219255307,-0.030002002192553112
32085,Verín,32,13614.0,0.5185029999999999,0.5477672122109116,-0.02926421221091169
28084,Mejorada del Campo,28,24252.0,0.497901,0.5266825724926438,-0.028781572492643848
30043,Yecla,30,35532.0,0.581915,0.6105930687613081,-0.028678068761308184
49021,Benavente,49,17088.0,0.561113,0.5895740944498671,-0.028461094449867108
38026,La Orotava,38,42373.0,0.299878,0.3281910492867573,-0.02831304928675732
40194,Segovia,40,50624.0,0.560203,0.58849143616282,-0.028288436162819952
41020,Las Cabezas de San Juan,41,16333.0,0.414002,0.4419140119992324,-0.027912011999232433
45168,Toledo,45,84780.0,0.573078,0.6009159700976969,-0.02783797009769695
08033,Caldes de Montbui,08,18027.0,0.179729,0.20745399904092096,-0.02772499904092096
27031,Monforte de Lemos,27,18186.0,0.512238,0.5398190416305606,-0.027581041630560632
35028,Tías,35,20792.0,0.461844,0.48940618231302657,-0.027562182313026595
37274,Salamanca,37,143030.0,0.590767,0.6183040306018018,-0.027537030601801793
15054,Narón,15,39129.0,0.441096,0.4681906843109158,-0.02709468431091583
48080,Valle de Trápaga-Trapagaran,48,11884.0,0.08874699999999999,0.11577068373822905,-0.027023683738229054
34120,Palencia,34,75488.0,0.514889,0.5416209652168301,-0.026731965216830078
41077,La Puebla de Cazalla,41,10737.0,0.41445200000000004,0.441142244660401,-0.02669024466040093
23060,Martos,23,24373.0,0.5246839999999999,0.5513159748646181,-0.026631974864618213
41086,San Juan de Aznalfarache,41,22956.0,0.4346,0.4605122165728825,-0.025912216572882507
16078,Cuenca,16,52996.0,0.537353,0.5628470794889804,-0.025494079488980415
38019,Guía de Isora,38,22290.0,0.354087,0.3793344189227813,-0.025247418922781317
08205,Sant Cugat del Vallès,08,96191.0,0.24654399999999999,0.2712491624843196,-0.024705162484319587
29070,Mijas,29,91293.0,0.556385,0.5809597967856119,-0.02457479678561192
38023,San Cristóbal de La Laguna,38,158451.0,0.311118,0.33557700103919985,-0.024459001039199846
46021,Aldaia,46,33368.0,0.451515,0.4758561126601085,-0.02434111266010852
06083,Mérida,06,59561.0,0.509548,0.53365841983693,-0.024110419836929964
14017,La Carlota,14,14326.0,0.492775,0.5163926429058965,-0.023617642905896463
04013,Almería,04,199568.0,0.590488,0.614098830042912,-0.02361083004291198
31901,Barañáin/Barañain,31,19264.0,0.352227,0.37583363438212897,-0.023606634382128955
22061,Binéfar,22,10035.0,0.523873,0.5473126599602807,-0.023439659960280634
46031,Alginet,46,14650.0,0.456217,0.4796150507410835,-0.02339805074108353
08114,Martorell,08,28094.0,0.196589,0.2195991132040818,-0.023010113204081778
31907,Zizur Mayor/Zizur Nagusia,31,15977.0,0.355223,0.3781342310671189,-0.022911231067118898
15002,Ames,15,32750.0,0.459326,0.48219346570690524,-0.022867465706905232
41034,Coria del Río,41,31036.0,0.421686,0.4442362222859203,-0.022550222285920296
33004,Avilés,33,75189.0,0.45293700000000003,0.4751892165451808,-0.02225221654518078
20079,Zarautz,20,23269.0,0.080776,0.10294524163117227,-0.022169241631172273
07015,Ciutadella de Menorca,07,31597.0,0.45350999999999997,0.4754084838179615,-0.021898483817961556
15036,Ferrol,15,63209.0,0.443269,0.4651604946436638,-0.0218914946436638
47186,Valladolid,47,296647.0,0.53746,0.5592061901029571,-0.021746190102957086
08181,La Roca del Vallès,08,10804.0,0.20107599999999998,0.2228026348024436,-0.021726634802443634
35006,Arucas,35,38642.0,0.35313300000000003,0.37478667924048087,-0.02165367924048084
23055,Linares,23,54333.0,0.509998,0.5314581710550667,-0.0214601710550667
23058,Mancha Real,23,11354.0,0.506395,0.5278456817906889,-0.021450681790688875
25011,Alcarràs,25,10191.0,0.219748,0.24085131177441443,-0.021103311774414435
24222,Villaquilambre,24,18534.0,0.47924900000000004,0.5002230837886098,-0.020974083788609765
29069,Marbella,29,155431.0,0.581772,0.6022968204380384,-0.020524820438038494
12135,Vila-real,12,51415.0,0.49573100000000003,0.5161717945881431,-0.020440794588143074
38037,Santa Cruz de la Palma,38,15441.0,0.344883,0.36511748132063204,-0.020234481320632047
30041,La Unión,30,20754.0,0.597643,0.6176829212979034,-0.02003992129790333
20040,Hernani,20,20198.0,0.06175,0.08162553852952495,-0.01987553852952495
08040,Canet de Mar,08,14795.0,0.16857,0.1883438709680034,-0.0197738709680034
46013,Alboraia/Alboraya,46,25970.0,0.49094099999999996,0.5105406449892891,-0.019599644989289122
35012,Mogán,35,20965.0,0.44350100000000003,0.46298095973267583,-0.0194799597326758
35003,Antigua,35,13664.0,0.457175,0.4763956687727966,-0.0192206687727966
38046,Tegueste,38,11361.0,0.32745,0.3465701055942835,-0.019120105594283454
41038,Dos Hermanas,41,139655.0,0.456906,0.47559322108953717,-0.018687221089537187
18153,Peligros,18,11590.0,0.522032,0.5406961979753068,-0.018664197975306718
07033,Manacor,07,47228.0,0.48106899999999997,0.4997153236822196,-0.018646323682219634
03093,Novelda,03,25960.0,0.489962,0.5085828334971081,-0.01862083349710808
23087,Torredonjimeno,23,13224.0,0.507466,0.525913917781737,-0.018447917781737044
48902,Erandio,48,24584.0,0.10284299999999999,0.12083334678841665,-0.017990346788416656
07003,Alcúdia,07,21797.0,0.519092,0.537010508363607,-0.017918508363606978
30018,Ceutí,30,12746.0,0.5994619999999999,0.6169611027951357,-0.01749910279513578
26089,Logroño,26,149505.0,0.537902,0.5551404004763706,-0.017238400476370597
46005,Alaquàs,46,29980.0,0.453046,0.470237171778242,-0.017191171778241976
03122,Sant Vicent del Raspeig/San Vicente del Raspeig,03,59550.0,0.495587,0.5118596513706565,-0.016272651370656477
17147,Ripoll,17,10725.0,0.137371,0.15355439132884569,-0.016183391328845692
08262,Sant Vicenç de Castellet,08,10021.0,0.180361,0.19646453839052863,-0.016103538390528638
48084,Sestao,48,28071.0,0.105018,0.12097536188484825,-0.015957361884848253
35002,Agüimes,35,32579.0,0.382497,0.3983798518018878,-0.01588285180188781
30027,Molina de Segura,30,76443.0,0.628973,0.6447978045642891,-0.01582480456428914
38006,Arona,38,86661.0,0.393926,0.40968529911166385,-0.01575929911166385
18140,Motril,18,59290.0,0.5208900000000001,0.5365955120470655,-0.015705512047065384
20030,Eibar,20,27109.0,0.090228,0.1058717479005504,-0.015643747900550398
33024,Gijón,33,267493.0,0.466832,0.4821843707886264,-0.01535237078862639
03104,Petrer,03,33940.0,0.476762,0.49190668735416154,-0.015144687354161523
15072,Rianxo,15,10759.0,0.44259099999999996,0.4576273041109928,-0.015036304110992826
03031,Benidorm,03,73027.0,0.547319,0.5620949161583834,-0.014775916158383362
30019,Cieza,30,35112.0,0.593594,0.6083009050948927,-0.014706905094892697
11014,Conil de la Frontera,11,23927.0,0.489049,0.5032543838007438,-0.01420538380074382
13039,Daimiel,13,17499.0,0.5528489999999999,0.5669648220537375,-0.014115822053737626
22130,Jaca,22,13293.0,0.481305,0.49533603165304585,-0.014031031653045867
30024,Lorca,30,96773.0,0.633646,0.6475413976317825,-0.013895397631782491
18193,La Zubia,18,19923.0,0.520888,0.5343695652916551,-0.013481565291655118
25040,Balaguer,25,17436.0,0.187306,0.20066784612263905,-0.013361846122639048
18021,Armilla,18,25157.0,0.531396,0.5446489459133705,-0.013252945913370562
04100,Vera,04,19338.0,0.6351370000000001,0.6483866748770379,-0.013249674877037876
08159,Parets del Vallès,08,18729.0,0.194524,0.20757880565162795,-0.013054805651627949
08238,Sant Quirze del Vallès,08,19856.0,0.227373,0.2404273727962889,-0.013054372796288904
46171,Moncada,46,21681.0,0.471317,0.4840602839650533,-0.01274328396505331
08147,Olesa de Montserrat,08,24500.0,0.189066,0.2017114286619967,-0.012645428661996694
28040,Ciempozuelos,28,23990.0,0.508819,0.5213761706269358,-0.012557170626935732
28006,Alcobendas,28,119536.0,0.594244,0.6067999076190177,-0.012555907619017703
29067,Málaga,29,584203.0,0.528029,0.5402807188838065,-0.012251718883806495
08096,Granollers,08,62674.0,0.19755099999999998,0.20976740931894614,-0.012216409318946159
12040,Castelló de la Plana,12,178086.0,0.50659,0.5183146452289156,-0.011724645228915587
36050,Salvaterra de Miño,36,10341.0,0.42184,0.43340640304806044,-0.011566403048060447
35017,Puerto del Rosario,35,44087.0,0.42202399999999995,0.4333544642964805,-0.011330464296480547
06088,Montijo,06,15176.0,0.497596,0.5088396038260099,-0.011243603826009918
41059,Mairena del Aljarafe,41,47538.0,0.47674900000000003,0.48794865514429053,-0.011199655144290499
08051,Castellar del Vallès,08,25022.0,0.190242,0.20136661472478382,-0.011124614724783821
18101,Huétor Vega,18,12268.0,0.536196,0.5473084849957772,-0.011112484995777216
06153,Villanueva de la Serena,06,25542.0,0.5125000000000001,0.5235977332538355,-0.011097733253835451
08019,Barcelona,08,1613579.0,0.217042,0.22813517066383254,-0.01109317066383253
08218,Sant Joan de Vilatorrada,08,10926.0,0.192127,0.20297607017211478,-0.010849070172114783
12126,"Vall d'Uixó, la",12,31770.0,0.476989,0.48758572337705086,-0.010596723377050865
35022,Santa Lucía de Tirajana,35,76961.0,0.387208,0.39766519893541896,-0.010457198935418965
41004,Alcalá de Guadaíra,41,76045.0,0.45964700000000003,0.4699836600678067,-0.010336660067806647
46110,Xirivella,46,31605.0,0.469333,0.4795604165355336,-0.010227416535533607
19058,Cabanillas del Campo,19,11218.0,0.5592820000000001,0.5694994611956721,-0.010217461195672017
28079,Madrid,28,3362335.0,0.54164,0.551348047741236,-0.009708047741236014
46205,Puçol,46,21096.0,0.510381,0.5199099018323193,-0.009528901832319359
30901,Santomera,30,16268.0,0.622857,0.6321551887047214,-0.009298188704721433
08172,Premià de Mar,08,28508.0,0.19136799999999998,0.200643022720549,-0.009275022720549031
03076,Guardamar del Segura,03,17829.0,0.5589310000000001,0.567283373487697,-0.008352373487696907
08230,Premià de Dalt,08,10508.0,0.238724,0.24695328100477315,-0.008229281004773159
45205,Yuncos,45,13035.0,0.591997,0.6001946727474763,-0.008197672747476292
28005,Alcalá de Henares,28,197364.0,0.519973,0.5281563055899361,-0.008183305589936074
36042,Ponteareas,36,23197.0,0.420238,0.4283634999366197,-0.008125499936619707
07011,Calvià,07,53467.0,0.5410200000000001,0.5490310978897498,-0.008011097889749741
03050,"Campello, el",03,30412.0,0.537902,0.5456886935037102,-0.007786693503710196
28092,Móstoles,28,209802.0,0.495206,0.5028239220980772,-0.007617922098077268
08126,Montgat,08,12523.0,0.208451,0.21595289415262808,-0.007501894152628086
37046,Béjar,37,11885.0,0.585716,0.5929262530397502,-0.007210253039750203
38024,Los Llanos de Aridane,38,20208.0,0.347743,0.354690911598172,-0.006947911598171985
28148,Torrejón de Ardoz,28,139537.0,0.529651,0.536490114412559,-0.006839114412559022
13087,Valdepeñas,13,30399.0,0.55856,0.5653877532277272,-0.006827753227727218
39035,Laredo,39,10605.0,0.534431,0.5411216511955775,-0.006690651195577546
07054,Santa Eulària des Riu,07,40343.0,0.5551790000000001,0.5616935813243086,-0.006514581324308488
17079,Girona,17,103458.0,0.17028100000000002,0.17669129359227892,-0.006410293592278904
28132,San Martín de la Vega,28,20209.0,0.5256540000000001,0.5319833358501755,-0.006329335850175477
30009,Archena,30,20588.0,0.616703,0.6228506721354652,-0.0061476721354651875
03090,Mutxamel,03,27457.0,0.534278,0.5403787559995826,-0.006100755999582597
06044,Don Benito,06,37591.0,0.527598,0.5336261373852041,-0.006028137385204135
03119,Sant Joan d'Alacant,03,25119.0,0.529088,0.5350347169225418,-0.005946716922541784
48082,Santurtzi,48,46113.0,0.11568200000000001,0.12161280194745316,-0.005930801947453157
46214,Riba-roja de Túria,46,23802.0,0.49737,0.5029106277686788,-0.0055406277686788075
17062,L'Escala,17,10580.0,0.175897,0.18113289613440736,-0.005235896134407364
07005,Andratx,07,12116.0,0.5179199999999999,0.5230240674995418,-0.005104067499541842
03089,Monòver/Monóvar,03,12659.0,0.490036,0.49512022148695206,-0.005084221486952034
46159,Manises,46,31812.0,0.46863900000000003,0.47365668205130507,-0.005017682051305039
08009,Argentona,08,12707.0,0.209503,0.21449197234610698,-0.004988972346106985
41023,Cantillana,41,10586.0,0.448576,0.45340853451890795,-0.004832534518907972
41029,Castilleja de la Cuesta,41,17067.0,0.459182,0.46381356405349505,-0.004631564053495074
22125,Huesca,22,53483.0,0.495093,0.4994405968783295,-0.004347596878329474
50297,Zaragoza,50,682727.0,0.507127,0.511130687405826,-0.0040036874058260175
28007,Alcorcón,28,172536.0,0.498177,0.5020854683179435,-0.003908468317943559
11039,Vejer de la Frontera,11,13008.0,0.482093,0.4857401265957224,-0.0036471265957224164
08072,Corbera de Llobregat,08,15462.0,0.22187500000000002,0.22550868468405344,-0.003633684684053423
12027,Benicarló,12,29066.0,0.505386,0.5090149253963893,-0.00362892539638926
46190,Paterna,46,73853.0,0.49005899999999997,0.4932998094577421,-0.003240809457742133
43153,Torredembarra,43,17782.0,0.230999,0.2342046351516568,-0.0032056351516567827
11007,Barbate,11,22209.0,0.482236,0.48525965215429295,-0.003023652154292955
08270,Sitges,08,32049.0,0.264546,0.2674132686979271,-0.0028672686979270834
45163,Sonseca,45,10966.0,0.566569,0.5693554017874634,-0.002786401787463366
08076,Esparreguera,08,22343.0,0.20064300000000002,0.2031608641220998,-0.0025178641220997833
35019,San Bartolomé de Tirajana,35,54076.0,0.44327300000000003,0.44572286294766217,-0.0024498629476621403
20036,Hondarribia,20,16743.0,0.109524,0.11189806659249985,-0.002374066592499849
29075,Nerja,29,21958.0,0.565323,0.5676304973739972,-0.0023074973739971583
46135,Godella,46,13131.0,0.5335369999999999,0.5355007275407926,-0.001963727540792659
14056,Puente Genil,14,29553.0,0.519442,0.5213953438090486,-0.0019533438090486577
21041,Huelva,21,142437.0,0.504157,0.5060415631463948,-0.0018845631463948465
48015,Basauri,48,40259.0,0.121647,0.123391544196811,-0.0017445441968109987
45081,Illescas,45,31687.0,0.607281,0.6088227347934358,-0.0015417347934358894
10148,Plasencia,10,39554.0,0.528133,0.5296575640229744,-0.0015245640229744062
08124,Mollet del Vallès,08,51422.0,0.200911,0.20210558689920544,-0.0011945868992054298
08035,Calella,08,19545.0,0.19203199999999998,0.1926509717717027,-0.0006189717717027254
08187,Sabadell,08,219847.0,0.200818,0.2014109311680103,-0.0005929311680102911
38028,Puerto de la Cruz,38,31494.0,0.366245,0.36678951865019593,-0.0005445186501959465
35011,Ingenio,35,32420.0,0.389546,0.39004791216579604,-0.0005019121657960368
17199,Torroella de Montgrí,17,12064.0,0.16625,0.16655053831939076,-0.00030053831939075293
46164,Massamagrell,46,16845.0,0.48288200000000003,0.48308417258198333,-0.00020217258198329535
52001,Melilla,52,83360.0,0.651851,0.6518509999999988,1.1102230246251565e-15
51001,Ceuta,51,79953.0,0.620738,0.6207379999999982,1.7763568394002505e-15
36039,O Porriño,36,20675.0,0.457474,0.45738577947111564,8.822052888435294e-05
20009,Andoain,20,14513.0,0.08834800000000001,0.08825281390775219,9.51860922478176e-05
14052,Peñarroya-Pueblonuevo,14,10064.0,0.51701,0.5168125878176412,0.00019741218235880265
46166,Meliana,46,10971.0,0.47764500000000004,0.4773939683560684,0.0002510316439316429
46194,Picassent,46,22265.0,0.485705,0.4852339163445821,0.0004710836554179254
46116,"Eliana, l'",46,19265.0,0.534995,0.5345004248269263,0.0004945751730737191
30016,Cartagena,30,216385.0,0.629994,0.6290884150758496,0.0009055849241504932
29025,Benalmádena,29,77455.0,0.576872,0.5758085984895767,0.0010634015104233896
39016,Camargo,39,30166.0,0.560169,0.5588277239536378,0.0013412760463622497
18003,Albolote,18,19541.0,0.546549,0.5451315477151395,0.0014174522848604543
23092,Úbeda,23,33419.0,0.5338590000000001,0.5322921120846635,0.0015668879153365456
46022,Alfafar,46,21913.0,0.475726,0.47415258414504435,0.0015734158549556287
11035,Tarifa,11,18256.0,0.532651,0.5309131227590773,0.0017378772409226695
20064,Pasaia,20,16158.0,0.0872,0.08545818534154664,0.0017418146584533556
08266,Cerdanyola del Vallès,08,57057.0,0.21326699999999998,0.21107076439478553,0.0021962356052144527
30033,Puerto Lumbreras,30,16888.0,0.637985,0.6357358810520501,0.0022491189479498797
28134,San Sebastián de los Reyes,28,93904.0,0.553714,0.5514507887806692,0.0022632112193308185
03140,Villena,03,33866.0,0.500134,0.4977152708105641,0.0024187291894358642
46131,Gandia,46,79386.0,0.496814,0.4940477086858872,0.0027662913141127676
41005,Alcalá del Río,41,12282.0,0.452403,0.44951249453943976,0.0028905054605602443
50272,Utebo,50,18680.0,0.523652,0.5201741205024862,0.0034778794975137695
08110,Malgrat de Mar,08,18869.0,0.195523,0.19198464323468972,0.00353835676531028
06149,Villafranca de los Barros,06,12233.0,0.513755,0.5099950654657243,0.0037599345342756996
03094,"Nucia, la",03,18662.0,0.581937,0.5776383958332538,0.004298604166746212
38043,Tacoronte,38,24584.0,0.349436,0.34504637563429763,0.004389624365702394
24089,León,24,121600.0,0.510574,0.5061211581448212,0.004452841855178802
46105,Cullera,46,23619.0,0.4822,0.4776458683560081,0.004554131643991932
03066,Elda,03,53423.0,0.49174,0.48697270675649795,0.004767293243502058
36038,Pontevedra,36,82698.0,0.449073,0.4437540386643839,0.005318961335616101
04006,Albox,04,12317.0,0.642262,0.6368613367007948,0.005400663299205188
45142,Quintanar de la Orden,45,11090.0,0.576728,0.5712061692226538,0.005521830777346248
46060,Benifaió,46,12080.0,0.49696799999999997,0.49129187447379585,0.005676125526204112
28903,Tres Cantos,28,52138.0,0.567528,0.5618317015338563,0.005696298466143723
08217,Sant Joan Despí,08,34827.0,0.221785,0.21594956139367943,0.005835438606320575
19024,Alovera,19,13439.0,0.5744360000000001,0.5679855850892699,0.006450414910730173
23003,Alcaudete,23,10210.0,0.520506,0.5136813828165107,0.006824617183489368
08086,Les Franqueses del Vallès,08,20333.0,0.215483,0.20865413802449032,0.006828861975509692
04079,Roquetas de Mar,04,106855.0,0.657803,0.6506108388000675,0.00719216119993249
30039,Totana,30,33599.0,0.6453409999999999,0.6380843187513919,0.00725668124860801
03014,Alacant/Alicante,03,354576.0,0.539668,0.5323775787511721,0.00729042124882795
04029,Berja,04,12704.0,0.604951,0.5976528796287183,0.007298120371281747
33066,Siero,33,52035.0,0.49495200000000006,0.4875182433822592,0.007433756617740872
11008,Los Barrios,11,24234.0,0.542031,0.5344600172430793,0.007570982756920697
46250,València,46,813957.0,0.506681,0.49902424260999245,0.007656757390007596
08231,Sant Pere de Ribes,08,31737.0,0.223673,0.21586597191504062,0.007807028084959394
46186,Paiporta,46,27681.0,0.48637300000000006,0.4783602334285335,0.008012766571466545
39073,Santa Cruz de Bezana,39,13694.0,0.5980730000000001,0.5899627154270122,0.008110284572987903
30030,Murcia,30,467316.0,0.6421779999999999,0.6339979914690916,0.008180008530908278
48029,Etxebarri,48,11950.0,0.14746700000000001,0.13911023591428687,0.008356764085713148
04052,Huércal de Almería,04,18640.0,0.611441,0.6030831371586036,0.00835786284139639
29068,Manilva,29,17957.0,0.617935,0.6095476352107079,0.00838736478929214
09059,Burgos,09,173948.0,0.535449,0.5270366706845214,0.008412329315478528
36035,Nigrán,36,17995.0,0.483646,0.475099982399146,0.008546017600853995
23061,Mengíbar,23,10002.0,0.544953,0.5363461315342514,0.008606868465748652
15082,Teo,15,18865.0,0.494469,0.4856678275875926,0.00880117241240741
08157,Pallejà,08,11603.0,0.22498400000000002,0.21605766793685627,0.00892633206314375
13079,La Solana,13,15148.0,0.5688,0.5587831900013289,0.01001680999867105
03133,Torrevieja,03,95037.0,0.570961,0.5608349798962422,0.010126020103757849
07022,Felanitx,07,18657.0,0.5213939999999999,0.5112495164964568,0.010144483503543134
08054,Castellbisbal,08,12887.0,0.22433399999999998,0.2140527142871459,0.010281285712854082
22158,Monzón,22,17965.0,0.527566,0.5167295499056526,0.010836450094347416
50251,Tarazona,50,10605.0,0.4993,0.48835947868733,0.010940521312670037
28045,Colmenar Viejo,28,55381.0,0.5670810000000001,0.5559383327471756,0.011142667252824423
08211,Sant Feliu de Llobregat,08,45870.0,0.220362,0.20917953778233866,0.011182462217661338
41053,Lebrija,41,27591.0,0.451711,0.4402251358850807,0.011485864114919253
33025,Gozón,33,10343.0,0.486819,0.4748576138354657,0.011961386164534293
11031,San Fernando,11,93189.0,0.506903,0.49491143642622404,0.011991563573775954
28047,Collado Villalba,28,66562.0,0.528024,0.5159960151637286,0.012027984836271433
41091,Sevilla,41,680373.0,0.496038,0.48386651881158693,0.012171481188413047
29091,Torrox,29,21311.0,0.576901,0.564546392818468,0.012354607181532029
36060,Vilagarcía de Arousa,36,37673.0,0.44544300000000003,0.4324305474020388,0.013012452597961244
17155,Salt,17,33232.0,0.19566499999999998,0.18246535933334884,0.013199640666651136
13034,Ciudad Real,13,74912.0,0.601938,0.5887121594472378,0.013225840552762214
30038,Las Torres de Cotillas,30,22232.0,0.641946,0.6282308228865231,0.013715177113476917
19130,Guadalajara,19,89520.0,0.566009,0.55225541135908,0.013753588640920023
48078,Portugalete,48,44559.0,0.132838,0.11888807358210163,0.013949926417898384
02003,Albacete,02,171874.0,0.591718,0.5776547731027462,0.014063226897253811
44013,Alcañiz,44,15876.0,0.500691,0.4864799780823949,0.014211021917605093
23050,Jaén,23,111282.0,0.5630850000000001,0.5486005018159962,0.01448449818400388
46015,Alcàsser,46,10589.0,0.497252,0.4827641944521043,0.014487805547895749
38020,Güímar,38,21030.0,0.349803,0.3350862414301384,0.014716758569861599
43123,Reus,43,108065.0,0.259502,0.24469158922619505,0.01481041077380496
36021,Gondomar,36,15181.0,0.469815,0.45499158792894945,0.014823412071050535
13028,Campo de Criptana,13,12890.0,0.584163,0.5691555236031451,0.015007476396854846
04066,Níjar,04,31775.0,0.689213,0.673984757855463,0.015228242144536996
10037,Cáceres,10,95845.0,0.551093,0.5355113304823313,0.015581669517668706
41102,El Viso del Alcor,41,19282.0,0.477216,0.461400507881552,0.01581549211844796
46165,Massanassa,46,10176.0,0.500626,0.484724386018598,0.015901613981401996
08156,Palau-solità i Plegamans,08,15236.0,0.23337200000000002,0.2172280256179169,0.01614397438208312
45165,Talavera de la Reina,45,83753.0,0.574437,0.558187107705405,0.016249892294594948
28073,Humanes de Madrid,28,19724.0,0.529643,0.513320465166707,0.016322534833292934
29054,Fuengirola,29,84517.0,0.606993,0.5900208901298793,0.016972109870120655
46017,Alzira,46,46698.0,0.50864,0.49139855077109684,0.01724144922890314
20067,Errenteria,20,39109.0,0.09607,0.07860614418303014,0.017463855816969867
23024,La Carolina,23,14642.0,0.548305,0.5306133723606162,0.01769162763938381
17117,Palafrugell,17,23906.0,0.185699,0.16787818236123186,0.01782081763876814
07040,Palma,07,425745.0,0.5180119999999999,0.5000008933353624,0.018011106664637566
12085,Orpesa/Oropesa del Mar,12,11578.0,0.556392,0.5380016004634101,0.01839039953658994
30035,San Javier,30,35347.0,0.676603,0.6579579851706998,0.018645014829300144
38038,Santa Cruz de Tenerife,38,206701.0,0.370956,0.35212675283290057,0.01882924716709944
39075,Santander,39,171252.0,0.587937,0.5689793812026289,0.018957618797371123
13078,Socuéllamos,13,11963.0,0.5794349999999999,0.5604429937640181,0.01899200623598185
15009,Betanzos,15,13098.0,0.490574,0.47156969346494215,0.019004306535057858
46094,Catarroja,46,29789.0,0.5000629999999999,0.4810464752724969,0.019016524727503037
48013,Barakaldo,48,101316.0,0.144098,0.12504112728174166,0.019056872718258344
01059,Vitoria-Gasteiz,01,253963.0,0.239905,0.22061301747689022,0.01929198252310979
21010,Ayamonte,21,21792.0,0.532528,0.5130158195204528,0.01951218047954717
41024,Carmona,41,29794.0,0.473241,0.4532948143708283,0.01994618562917172
29901,Torremolinos,29,70542.0,0.588596,0.5685773774360684,0.02001862256393161
14054,Pozoblanco,14,16502.0,0.560903,0.540392751587941,0.020510248412059062
41044,Gelves,41,10480.0,0.498209,0.47684179263337756,0.021367207366622454
30010,Beniel,30,11402.0,0.656674,0.6352563126527105,0.021417687347289438
11022,La Línea de la Concepción,11,63777.0,0.544598,0.5229358539467357,0.02166214605326433
21002,Aljaraque,21,22461.0,0.5576490000000001,0.5357328345635726,0.021916165436427493
30017,Cehegín,30,14647.0,0.611407,0.5894244636921805,0.021982536307819545
03123,Sax,03,10174.0,0.532857,0.5107331360032181,0.0221238639967819
08125,Montcada i Reixac,08,36784.0,0.222084,0.19972559434684192,0.02235840565315808
11020,Jerez de la Frontera,11,213185.0,0.519689,0.4972767147789941,0.022412285221005857
15019,Carballo,15,31466.0,0.493403,0.4709530530528919,0.022449946947108057
22112,Fraga,22,15057.0,0.583834,0.5613491128097856,0.022484887190214353
02081,Villarrobledo,02,25027.0,0.596306,0.5737289227606859,0.022577077239314125
25203,La Seu d'Urgell,25,12608.0,0.18258400000000002,0.15971730448527338,0.022866695514726643
08169,El Prat de Llobregat,08,64939.0,0.21990700000000002,0.19685036681416515,0.02305663318583487
47085,Medina del Campo,47,19978.0,0.572433,0.5485267515259589,0.023906248474041103
08279,Terrassa,08,225052.0,0.22295,0.19903086635984543,0.023919133640154577
28014,Arganda del Rey,28,58402.0,0.570639,0.5466830490348102,0.023955950965189765
26036,Calahorra,26,24728.0,0.590064,0.5659747745831665,0.02408922541683356
21005,Almonte,21,24704.0,0.554064,0.5298145199155739,0.024249480084426067
18087,Granada,18,230688.0,0.575376,0.5510696176012901,0.024306382398709858
27057,Sarria,27,13373.0,0.568483,0.544103821741868,0.02437917825813196
28083,Meco,28,15652.0,0.57839,0.5539425333518617,0.02444746664813824
14007,Baena,14,18139.0,0.519093,0.49449335885204915,0.02459964114795088
28090,Moralzarzal,28,14300.0,0.564054,0.5392482293366997,0.024805770663300364
11027,El Puerto de Santa María,11,89638.0,0.535275,0.5095491898773993,0.025725810122600667
08073,Cornellà de Llobregat,08,90587.0,0.222078,0.19606518296860176,0.02601281703139824
43163,El Vendrell,43,40398.0,0.259086,0.23291434806654188,0.026171651933458107
08200,Sant Boi de Llobregat,08,83933.0,0.22055200000000003,0.19437459306201996,0.02617740693798007
44216,Teruel,44,35622.0,0.513814,0.4875808597533692,0.026233140246630815
18175,Santa Fe,18,15120.0,0.536734,0.5102177791567977,0.026516220843202376
17034,Calonge i Sant Antoni,17,12156.0,0.19359500000000002,0.16671160860435574,0.026883391395644274
11032,Sanlúcar de Barrameda,11,69408.0,0.496773,0.469757197863082,0.02701580213691801
48054,Leioa,48,32534.0,0.171545,0.1445144798793724,0.027030520120627594
35016,Las Palmas de Gran Canaria,35,376986.0,0.424149,0.3971101758954808,0.027038824104519188
45121,Ocaña,45,14701.0,0.629325,0.6020321004682969,0.027292899531703108
29038,Cártama,29,28777.0,0.554152,0.5267389057431109,0.027413094256889092
12084,Onda,12,25713.0,0.544979,0.5174160829260692,0.02756291707393077
11006,Arcos de la Frontera,11,30153.0,0.510208,0.4825024817118034,0.027705518288196618
36054,Tomiño,36,13799.0,0.466279,0.43838834396888127,0.027890656031118732
15075,Sada,15,17076.0,0.503035,0.4750860849640075,0.027948915035992505
18905,Las Gabias,18,23396.0,0.55425,0.526252968917444,0.027997031082556023
17160,Sant Feliu de Guíxols,17,22828.0,0.173153,0.14496747879071215,0.028185521209287856
36004,Bueu,36,11830.0,0.459463,0.43117097289052353,0.02829202710947648
12009,Almassora,12,28237.0,0.545765,0.5174338007052206,0.02833119929477934
04102,Vícar,04,27377.0,0.6741459999999999,0.6456565685960645,0.02848943140393545
31201,Pamplona/Iruña,31,205365.0,0.393958,0.3650280899296885,0.028929910070311482
18062,Churriana de la Vega,18,16682.0,0.563707,0.5347712582455555,0.028935741754444466
14021,Córdoba,14,317063.0,0.563616,0.5346586561472766,0.028957343852723416
29082,Rincón de la Victoria,29,51959.0,0.575564,0.5465336447598734,0.029030355240126537
29007,Alhaurín de la Torre,29,44254.0,0.5931420000000001,0.5640993610185694,0.02904263898143067
18145,Ogíjares,18,14985.0,0.574808,0.5452679502522405,0.029540049747759478
39079,Santoña,39,10867.0,0.593426,0.5636929165514897,0.029733083448510333
28013,Aranjuez,28,61503.0,0.541039,0.5112365029751855,0.029802497024814523
46223,Sedaví,46,10693.0,0.513698,0.48335237661939845,0.03034562338060154
29051,Estepona,29,77877.0,0.615294,0.5849483247801285,0.030345675219871526
03065,Elx/Elche,03,240073.0,0.542559,0.5122103745475328,0.030348625452467193
18089,Guadix,18,18299.0,0.559518,0.5290813337230867,0.030436666276913216
08284,Tordera,08,18561.0,0.21960600000000002,0.18913308226128148,0.030472917738718547
21050,Moguer,21,23044.0,0.603407,0.5727457504238315,0.03066124957616856
03053,Castalla,03,11542.0,0.5516570000000001,0.5208543506198533,0.030802649380146763
17118,Palamós,17,18396.0,0.180521,0.14971624660849314,0.030804753391506845
02025,Caudete,02,10209.0,0.5848679999999999,0.5540329934341971,0.030835006565802847
33035,Llanera,33,13909.0,0.523301,0.4923161448960504,0.030984855103949605
08119,Masquefa,08,10002.0,0.237196,0.20585192107013797,0.03134407892986202
02069,La Roda,02,15626.0,0.609062,0.5760860691878169,0.032975930812183085
38011,Candelaria,38,28811.0,0.389193,0.3556143843526542,0.03357861564734582
10067,Coria,10,11972.0,0.549384,0.5151199213640281,0.03426407863597192
03121,Santa Pola,03,38177.0,0.568434,0.5341489763782676,0.03428502362173236
15011,Boiro,15,18966.0,0.510015,0.47550955501684145,0.03450544498315855
10131,Navalmoral de la Mata,10,16917.0,0.605145,0.5700278504418952,0.035117149558104854
46083,Carcaixent,46,21180.0,0.508965,0.47366833974384337,0.03529666025615663
08197,Sant Andreu de Llavaneres,08,11759.0,0.278318,0.24288941297351985,0.03542858702648016
08260,Santa Perpètua de Mogoda,08,25652.0,0.242601,0.20698879606879125,0.03561220393120876
07057,Santanyí,07,12581.0,0.571225,0.535535617971235,0.03568938202876504
33016,Castrillón,33,22073.0,0.525263,0.4889472986399177,0.03631570136008233
38032,El Rosario,38,17792.0,0.415613,0.37905696373111686,0.03655603626888315
04053,Huércal-Overa,04,20322.0,0.671382,0.6336900297517949,0.03769197024820514
30002,Abarán,30,12931.0,0.650946,0.6128229979101161,0.03812300208988395
46081,Canals,46,13468.0,0.508942,0.4700692669398143,0.03887273306018568
29080,Pizarra,29,10133.0,0.5533980000000001,0.5143969683642511,0.03900103163574897
28061,Galapagar,28,35491.0,0.5808139999999999,0.5415567370642045,0.039257262935795456
11015,Chiclana de la Frontera,11,89194.0,0.53829,0.4989390993751486,0.03935090062485147
08245,Santa Coloma de Gramenet,08,119448.0,0.23169299999999998,0.191687208251312,0.040005791748687985
28053,Daganzo de Arriba,28,10673.0,0.588776,0.5486373126050905,0.040138687394909445
30020,Fortuna,30,10073.0,0.67567,0.63534703493647,0.04032296506352995
22048,Barbastro,22,17375.0,0.547513,0.5071755887351264,0.04033741126487367
12032,Borriana/Burriana,12,36225.0,0.545339,0.504998798265352,0.04034020173464803
48020,Bilbao,48,343552.0,0.187529,0.14717326224708935,0.04035573775291065
14013,Cabra,14,19869.0,0.551404,0.5110454664104813,0.040358533589518686
35026,Telde,35,102416.0,0.418899,0.3784411251142672,0.040457874885732825
31097,Estella-Lizarra,31,14175.0,0.39925499999999997,0.3587764586799355,0.040478541320064454
46147,Llíria,46,24830.0,0.52148,0.48095763221052223,0.04052236778947782
43148,Tarragona,43,138937.0,0.295402,0.2539748624656665,0.041427137534333525
07027,Inca,07,34974.0,0.528114,0.4863311107054934,0.041782889294506576
29015,Antequera,29,41166.0,0.56313,0.5213167069336941,0.04181329306630588
46244,Torrent,46,87688.0,0.535307,0.49349140111190737,0.04181559888809261
36023,A Guarda,36,10024.0,0.46714300000000003,0.425322707740895,0.04182029225910505
46111,Chiva,46,17014.0,0.550392,0.5077715321489793,0.042620467851020694
08101,L'Hospitalet de Llobregat,08,278115.0,0.239254,0.19661867000007066,0.04263532999992933
30036,San Pedro del Pinatar,30,28081.0,0.686373,0.6436059582571456,0.042767041742854395
28129,San Agustín del Guadalix,28,13723.0,0.622383,0.5795817603433224,0.04280123965667759
48034,Ermua,48,15582.0,0.186381,0.14338684520439243,0.04299415479560756
41047,Gines,41,13465.0,0.523965,0.4808610192719927,0.04310398072800731
27065,Vilalba,27,13683.0,0.5908220000000001,0.5473939071037714,0.04342809289622862
35027,Teror,35,12898.0,0.41198199999999996,0.3676349594289672,0.04434704057103278
08041,Canovelles,08,17004.0,0.261894,0.2175388866151622,0.0443551133848378
28149,Torrejón de la Calzada,28,10285.0,0.591805,0.5473811033240462,0.04442389667595381
11041,Villamartín,11,12227.0,0.5343819999999999,0.48986741226720526,0.04451458773279465
08136,Montornès del Vallès,08,16991.0,0.256898,0.21213013558048485,0.04476786441951516
20902,Lasarte-Oria,20,19090.0,0.134295,0.08947161038672483,0.04482338961327517
41016,Bollullos de la Mitación,41,11135.0,0.520007,0.47494591670973135,0.045061083290268644
18023,Baza,18,20231.0,0.575469,0.5303772766920019,0.045091723307998155
39052,Piélagos,39,26264.0,0.615746,0.5700825827275992,0.045663417272400864
08263,Sant Vicenç dels Horts,08,28034.0,0.24604700000000002,0.20018942128373976,0.045857578716260256
47010,Arroyo de la Encomienda,47,22199.0,0.6136269999999999,0.5676468886590982,0.04598011134090174
18122,Loja,18,20635.0,0.561429,0.5150594338349896,0.04636956616501031
08121,Mataró,08,128649.0,0.243887,0.19743920796965458,0.04644779203034541
41055,Lora del Río,41,18259.0,0.47531599999999996,0.4284988285931719,0.04681717140682806
08163,Pineda de Mar,08,29137.0,0.240127,0.19322335200350838,0.04690364799649163
08015,Badalona,08,223690.0,0.246587,0.19923335279502988,0.04735364720497012
38039,Santa Úrsula,38,15229.0,0.384635,0.3370194402791554,0.04761555972084458
36003,Baiona,36,12496.0,0.504827,0.45718655570547595,0.047640444294524076
08180,Ripollet,08,39331.0,0.243323,0.1956393181511474,0.047683681848852605
43037,Calafell,43,31390.0,0.287704,0.23992012846114835,0.04778387153885166
41095,Utrera,41,52013.0,0.503233,0.45542273358567564,0.0478102664143244
41017,Bormujos,41,22910.0,0.53899,0.4908772172212518,0.04811278277874814
12028,Benicàssim/Benicassim,12,20119.0,0.588492,0.5402373201377352,0.04825467986226484
46085,Carlet,46,16101.0,0.541235,0.49296362190454046,0.04827137809545956
08077,Esplugues de Llobregat,08,47003.0,0.27018200000000003,0.2213077346165026,0.04887426538349743
08161,Piera,08,17400.0,0.246917,0.19766499906958282,0.04925200093041718
08089,Gavà,08,47735.0,0.267364,0.2176466730146688,0.049717326985331184
19071,El Casar,19,13488.0,0.616089,0.5657678694483889,0.05032113055161114
41060,Marchena,41,19287.0,0.496846,0.44634825637832504,0.05049774362167497
36055,Tui,36,17240.0,0.49618799999999996,0.44562917989845025,0.05055882010154972
18014,Alhendín,18,10375.0,0.579193,0.5286251054016001,0.05056789459839983
08295,Vallirana,08,15751.0,0.259691,0.20910649934275377,0.050584500657246234
02037,Hellín,02,30565.0,0.61077,0.5600799062164467,0.05069009378355338
08107,Lliçà d'Amunt,08,16182.0,0.258426,0.20767779424414382,0.050748205755856174
30015,Caravaca de la Cruz,30,25741.0,0.655504,0.6046271534819068,0.05087684651809321
08001,Abrera,08,12930.0,0.256004,0.204838396207429,0.05116560379257101
08184,Rubí,08,80433.0,0.249185,0.1975723969805388,0.05161260301946119
30037,Torre-Pacheco,30,39530.0,0.705472,0.6538260016216336,0.051645998378366365
12082,Nules,12,13929.0,0.557999,0.5062452513875295,0.05175374861247051
46029,Algemesí,46,27834.0,0.525804,0.47349755377397995,0.0523064462260201
45066,Fuensalida,45,12397.0,0.632435,0.5799679183760277,0.05246708162397229
08105,La Llagosta,08,12964.0,0.24452000000000002,0.19192674624268377,0.052593253757316244
15041,A Laracha,15,11555.0,0.533978,0.4811309716143576,0.05284702838564237
11030,Rota,11,29156.0,0.565368,0.512335393113517,0.053032606886483036
46007,Albal,46,17033.0,0.534058,0.4806585810746309,0.053399418925369146
50067,Calatayud,50,19204.0,0.573373,0.5199266687994568,0.05344633120054321
29084,Ronda,29,33222.0,0.572267,0.5186915957666672,0.053575404233332735
08074,Cubelles,08,17129.0,0.253633,0.19989690919408998,0.05373609080591002
31086,Valle de Egüés/Eguesibar,31,22132.0,0.425067,0.3705504385244107,0.054516561475589254
26084,Lardero,26,11584.0,0.6382220000000001,0.5836780915167656,0.05454390848323443
37107,Ciudad Rodrigo,37,11642.0,0.6503439999999999,0.5955374400790252,0.05480655992097472
46202,"Pobla de Vallbona, la",46,26967.0,0.558908,0.5040905116528012,0.054817488347198795
30005,Alcantarilla,30,43129.0,0.669724,0.6148668956064818,0.05485710439351821
08196,Sant Andreu de la Barca,08,26730.0,0.262971,0.20778562659033886,0.05518537340966115
07044,"Pobla, Sa",07,14462.0,0.549843,0.49453054027615656,0.05531245972384341
11004,Algeciras,11,123480.0,0.579645,0.5242081501610495,0.055436849838950475
41041,Estepa,41,12380.0,0.505098,0.4492044035912568,0.05589359640874325
15057,Noia,15,13978.0,0.512251,0.4551899940170382,0.05706100598296182
45173,Torrijos,45,14015.0,0.6349629999999999,0.5777402145431869,0.05722278545681303
43038,Cambrils,43,36323.0,0.32462199999999997,0.2665578247601938,0.05806417523980617
28009,Algete,28,20903.0,0.623853,0.5655946345606246,0.05825836543937535
41058,Mairena del Alcor,41,24197.0,0.519182,0.4603072772857768,0.05887472271422323
07031,Llucmajor,07,39237.0,0.563848,0.5048130287666632,0.059034971233336786
46070,Bétera,46,26828.0,0.593051,0.5339987006008701,0.059052299399129926
46011,Alberic,46,10800.0,0.529855,0.4706758218460534,0.05917917815394658
08252,Barberà del Vallès,08,33284.0,0.25415299999999996,0.1937976438509808,0.06035535614901916
31023,Aranguren,31,12632.0,0.462774,0.4022522928005443,0.06052170719945571
06015,Badajoz,06,150417.0,0.599995,0.5392314513678244,0.06076354863217559
18911,Vegas del Genil,18,12253.0,0.5886629999999999,0.527424932731455,0.06123806726854497
23005,Andújar,23,35523.0,0.580759,0.5192106227129292,0.061548377287070855
33034,Valdés,33,10808.0,0.519764,0.4581118035377111,0.06165219646228892
08301,Viladecans,08,66935.0,0.259304,0.19738451451392658,0.0619194854860734
33044,Oviedo,33,218108.0,0.550718,0.4885303706292293,0.062187629370770714
03019,Aspe,03,21803.0,0.553525,0.4912756708986517,0.06224932910134834
28161,Valdemoro,28,82782.0,0.591558,0.5292416325126768,0.062316367487323276
08250,Santa Margarida de Montbui,08,10493.0,0.24903599999999998,0.18646804949216886,0.06256795050783112
30021,Fuente Álamo de Murcia,30,17832.0,0.715654,0.6525305801466997,0.06312341985330028
03059,Crevillent,03,30118.0,0.5686279999999999,0.5051749256306085,0.0634530743693914
35021,Santa Brígida,35,18209.0,0.493404,0.42924287782630843,0.06416112217369158
41087,Sanlúcar la Mayor,41,14263.0,0.517703,0.453368195854109,0.06433480414589104
06011,Almendralejo,06,34100.0,0.591765,0.5269074042981499,0.06485759570185012
17023,Blanes,17,41409.0,0.20966,0.14400923153585726,0.06565076846414275
21042,Isla Cristina,21,21285.0,0.56684,0.5006562647168009,0.0661837352831991
17095,Lloret de Mar,17,40514.0,0.258231,0.19196418945311988,0.0662668105468801
20069,Donostia/San Sebastián,20,185036.0,0.180581,0.11374454687272925,0.06683645312727074
23002,Alcalá la Real,23,21552.0,0.584335,0.5174571475016412,0.06687785249835887
04902,El Ejido,04,88192.0,0.715603,0.6484809537486138,0.06712204625138618
46256,Vilamarxant,46,11150.0,0.548306,0.48055394139763635,0.06775205860236361
23010,Bailén,23,17161.0,0.5860190000000001,0.5173793307579813,0.06863966924201881
08302,Vilanova del Camí,08,12794.0,0.256815,0.1881432889504618,0.0686717110495382
29094,Vélez-Málaga,29,86346.0,0.5931679999999999,0.5244328313187908,0.0687351686812091
15059,Ordes,15,12730.0,0.552226,0.4829649776565602,0.06926102234343978
33036,Llanes,33,13391.0,0.5299130000000001,0.4605169216757132,0.0693960783242869
07036,Marratxí,07,39547.0,0.568295,0.49852377064853187,0.06977122935146812
28054,El Escorial,28,16893.0,0.586153,0.5162367329339171,0.0699162670660829
17048,Castell-Platja d'Aro,17,12690.0,0.25787,0.18792719166463973,0.06994280833536026
28131,San Lorenzo de El Escorial,28,18395.0,0.5810310000000001,0.5105628683960035,0.07046813160399656
08056,Castelldefels,08,68376.0,0.32035199999999997,0.24936135847728147,0.0709906415227185
25120,Lleida,25,141674.0,0.271626,0.20017300034021054,0.07145299965978943
08194,Sant Adrià de Besòs,08,37716.0,0.26383100000000004,0.19208815715947192,0.07174284284052812
43092,Mont-roig del Camp,43,14104.0,0.32689999999999997,0.253515732688416,0.07338426731158398
36041,Poio,36,17355.0,0.537996,0.46448281470269026,0.07351318529730977
17047,Castelló d'Empúries,17,11972.0,0.273077,0.19955267494165774,0.07352432505834228
21060,Punta Umbría,21,15966.0,0.578218,0.5039553610067784,0.07426263899322161
43051,Cunit,43,15505.0,0.309787,0.2350222244496593,0.07476477555034067
29042,Coín,29,25501.0,0.625234,0.5496179690798976,0.07561603092010238
15073,Ribeira,15,26937.0,0.549311,0.47360130370251613,0.07570969629748386
28096,Navalcarnero,28,32009.0,0.602036,0.5254729156946367,0.0765630843053633
24010,La Bañeza,24,10012.0,0.569496,0.4926563714151935,0.07683962858480653
13082,Tomelloso,13,36358.0,0.653494,0.5764840163860062,0.0770099836139938
18017,Almuñécar,18,27550.0,0.611178,0.5339586809458239,0.07721931905417612
45087,Madridejos,45,10037.0,0.62925,0.5514768339055542,0.07777316609444573
28160,Valdemorillo,28,13972.0,0.613708,0.5357898680174372,0.07791813198256281
28104,Paracuellos de Jarama,28,26703.0,0.6543289999999999,0.5761882815215976,0.07814071847840232
38031,Los Realejos,38,37530.0,0.403317,0.32448696883093453,0.07883003116906545
23095,Villacarrillo,23,10274.0,0.583063,0.5039212731071533,0.07914172689284671
03099,Orihuela,03,82981.0,0.6380330000000001,0.5579290276149433,0.08010397238505673
23009,Baeza,23,15668.0,0.5974630000000001,0.5164098159792714,0.0810531840207287
28068,Guadarrama,28,16716.0,0.607479,0.5258544418369886,0.0816245581630114
46903,San Antonio de Benagéber,46,10405.0,0.6178429999999999,0.5353075118471389,0.08253548815286105
07055,Santa Margalida,07,13450.0,0.600619,0.5173370068092464,0.08328199319075358
03015,Almoradí,03,22222.0,0.607154,0.5236856003197805,0.08346839968021946
11016,Chipiona,11,19879.0,0.558468,0.4749742754518771,0.08349372454812287
28015,Arroyomolinos,28,37009.0,0.635182,0.5498792173405033,0.08530278265949676
28172,Villalbilla,28,17814.0,0.640274,0.5544354070488504,0.0858385929511496
28010,Alpedrete,28,15380.0,0.603058,0.5166275176089301,0.08643048239106987
36026,Marín,36,23903.0,0.515533,0.4286008206201455,0.08693217937985454
20045,Irun,20,62726.0,0.173489,0.08551107004608047,0.08797792995391954
04003,Adra,04,25263.0,0.689323,0.6009393383257616,0.08838366167423839
38022,Icod de los Vinos,38,24082.0,0.398225,0.30949394308056855,0.08873105691943145
17066,Figueres,17,48374.0,0.264009,0.17477864285008154,0.08923035714991845
38040,Santiago del Teide,38,12254.0,0.503618,0.41330581527640525,0.09031218472359476
03049,Callosa de Segura,03,19514.0,0.615869,0.5248097817353283,0.09105921826467167
41093,Tomares,41,25537.0,0.5902350000000001,0.4987205522555965,0.09151444774440354
29008,Alhaurín el Grande,29,27218.0,0.647102,0.555103564409611,0.091998435590389
32019,O Carballiño,32,13830.0,0.620212,0.5268288119275419,0.09338318807245805
41075,Pilas,41,14076.0,0.542395,0.4484494051636293,0.09394559483637066
33011,Cangas del Narcea,33,11381.0,0.583115,0.48834845997026055,0.0947665400297395
50089,Cuarte de Huerva,50,14984.0,0.638009,0.5425634549719438,0.09544554502805624
36017,A Estrada,36,20033.0,0.52507,0.4285332995031176,0.09653670049688245
21021,Cartaya,21,21151.0,0.640952,0.5436195829901251,0.09733241700987483
08904,Badia del Vallès,08,13035.0,0.261152,0.1625183185679539,0.0986336814320461
33076,Villaviciosa,33,15216.0,0.565886,0.46625681875026953,0.09962918124973047
11038,Ubrique,11,16247.0,0.6091519999999999,0.5093295666975406,0.09982243330245932
14055,Priego de Córdoba,14,21756.0,0.590163,0.4899985015683791,0.1001644984316209
36006,Cambados,36,13750.0,0.5337850000000001,0.43172427029951366,0.10206072970048641
14038,Lucena,14,42630.0,0.6282679999999999,0.5247918527807431,0.1034761472192568
46249,Utiel,46,11465.0,0.549904,0.4458971220535157,0.10400687794648422
43171,Vila-seca,43,23940.0,0.352673,0.2480830931325881,0.1045899068674119
28026,Brunete,28,10985.0,0.6490670000000001,0.541540337332787,0.10752666266721311
41040,Espartinas,41,16420.0,0.6079589999999999,0.49949097192706327,0.10846802807293665
21055,Palos de la Frontera,21,11813.0,0.693446,0.5848678197321178,0.10857818026788224
36051,Sanxenxo,36,17875.0,0.553331,0.44255766478131775,0.11077333521868227
28152,Torrelodones,28,24568.0,0.703587,0.5921001475505394,0.11148685244946055
48044,Getxo,48,75600.0,0.283658,0.17124863677924215,0.11240936322075787
43905,Salou,43,30258.0,0.38589799999999996,0.2726755739469066,0.11322242605309335
41039,Écija,41,39433.0,0.561774,0.4426422524273863,0.11913174757261369
28115,Pozuelo de Alarcón,28,87407.0,0.7635730000000001,0.6432593843320109,0.12031361566798915
41069,Los Palacios y Villafranca,41,38652.0,0.56079,0.440343833951887,0.12044616604811303
46213,Requena,46,20654.0,0.581823,0.46116048064345916,0.12066251935654082
46051,Benaguasil,46,12338.0,0.596752,0.47323292488298674,0.12351907511701321
03902,Pilar de la Horadada,03,23579.0,0.705518,0.5803325378605602,0.12518546213943982
28181,Villaviciosa de Odón,28,28412.0,0.712186,0.5853597976814926,0.1268262023185074
28177,Villanueva del Pardillo,28,17679.0,0.687189,0.5565870824351957,0.13060191756480433
24008,Astorga,24,10050.0,0.620484,0.48931068164861535,0.13117331835138468
28080,Majadahonda,28,72227.0,0.726015,0.5880807619961255,0.1379342380038745
17152,Roses,17,20035.0,0.312709,0.17313297538581085,0.13957602461418916
28127,Las Rozas de Madrid,28,97748.0,0.718512,0.5778532589361578,0.14065874106384224
03005,Albatera,03,13238.0,0.666024,0.5219617322497854,0.14406226775021458
28176,Villanueva de la Cañada,28,23057.0,0.740406,0.5956425581892435,0.1447634418107565
28022,Boadilla del Monte,28,64659.0,0.7623880000000001,0.6168208952506554,0.14556710474934464
31232,Tudela,31,37955.0,0.525954,0.3776536931694049,0.14830030683059514
21054,La Palma del Condado,21,10605.0,0.6541600000000001,0.5045865116843564,0.14957348831564365
07013,Campos,07,12132.0,0.646362,0.49443268051488193,0.15192931948511806
21044,Lepe,21,28735.0,0.6842280000000001,0.5320792295463269,0.15214877045367314
28066,Griñón,28,10434.0,0.711941,0.5459000162871818,0.16604098371281828
13023,Bolaños de Calatrava,13,11885.0,0.7561610000000001,0.5796814950169837,0.17647950498301634
36061,Vilanova de Arousa,36,10216.0,0.6160399999999999,0.42105438419577235,0.19498561580422757
36024,Lalín,36,19938.0,0.644382,0.438189561131615,0.206192438868385
