municipio,provincia,poblacion,renta,edad_media,vox,vox_previsto,pp,psoe,vox_municipales_2023,gana
Ontígola,Toledo,4993,20735,38.9,30.3,21.2,26.2,27.6,30.7,VOX
Aranjuez,Madrid,61503,21662,41.5,17.5,15.0,36.6,30.1,13.9,PP
Yeles,Toledo,6548,16528,37.8,26.6,23.8,31.0,30.0,11.0,PP
Esquivias,Toledo,5832,19122,41.2,17.6,21.1,37.3,28.4,3.1,PP
Seseña,Toledo,29417,18108,35.6,25.3,23.7,32.7,26.9,16.6,PP
Illescas,Toledo,31687,20732,37.5,24.0,22.3,36.7,27.1,13.3,PP
Borox,Toledo,4273,17147,40.9,22.9,21.6,33.7,33.4,4.9,PP
Ciempozuelos,Madrid,23990,19665,40.0,18.9,16.9,32.0,32.0,9.7,PSOE
Valdemoro,Madrid,82782,23672,38.8,20.2,16.5,39.0,25.0,16.3,PP
