mun_code,municipio,poblacion,renta_uc,edad_media,paro_2021,2023_07_DER,pred_der,res_der,2023_07_PSOE,2023_07_PP
11028,Puerto Real,41846.0,19216.0,42.8,0.307101,0.268902,0.5006143858989818,-0.2317123858989818,0.433204,0.187302
11012,Cádiz,110403.0,22414.0,47.6,0.26844,0.42161400000000004,0.5055337374109887,-0.08391973741098868,0.364607,0.344266
11033,San Roque,33908.0,20881.0,40.9,0.30424,0.53386,0.5774147119608231,-0.043554711960823056,0.345372,0.343397
11014,Conil de la Frontera,23927.0,17583.0,41.8,0.308393,0.489049,0.5032543838007438,-0.01420538380074382,0.281999,0.366701
11007,Barbate,22209.0,15596.0,43.3,0.469038,0.482236,0.48525965215429295,-0.003023652154292955,0.33946,0.338513
11008,Los Barrios,24234.0,20209.0,40.6,0.261871,0.542031,0.5344600172430793,0.007570982756920697,0.310172,0.338915
11031,San Fernando,93189.0,19319.0,43.5,0.293636,0.506903,0.49491143642622404,0.011991563573775954,0.342377,0.337935
11022,La Línea de la Concepción,63777.0,17213.0,41.9,0.415262,0.544598,0.5229358539467357,0.02166214605326433,0.32087,0.354902
11020,Jerez de la Frontera,213185.0,18377.0,42.7,0.318099,0.519689,0.4972767147789941,0.022412285221005857,0.324438,0.368886
11027,El Puerto de Santa María,89638.0,20018.0,42.4,0.289152,0.535275,0.5095491898773993,0.025725810122600667,0.28846,0.380359
11032,Sanlúcar de Barrameda,69408.0,15402.0,42.0,0.334477,0.496773,0.469757197863082,0.02701580213691801,0.322445,0.339141
11006,Arcos de la Frontera,30153.0,15844.0,42.5,0.384587,0.510208,0.4825024817118034,0.027705518288196618,0.368553,0.352221
11015,Chiclana de la Frontera,89194.0,17693.0,41.2,0.338138,0.53829,0.4989390993751486,0.03935090062485147,0.297276,0.352756
11030,Rota,29156.0,19203.0,42.9,0.270435,0.565368,0.512335393113517,0.053032606886483036,0.274481,0.412715
11004,Algeciras,123480.0,18915.0,41.4,0.308503,0.579645,0.5242081501610495,0.055436849838950475,0.288039,0.357109
