municipio,poblacion,renta,paro,estudios_superiores,psc_psoe,pp,sumar,junts,erc,vox,participacion,gana
Sant Cugat del Vallès,96191,39397,7.4,63.2,25.4,17.7,13.3,16.9,11.9,7.0,72.4,PSOE
Badia del Vallès,13035,18613,21.2,15.3,48.7,13.4,15.3,1.0,5.0,12.7,60.9,PSOE
Matadepera,9719,42710,5.4,57.1,14.9,15.6,6.6,31.0,14.3,7.0,69.1,JUNTS
Terrassa,225052,22901,15.2,31.1,36.5,12.3,16.0,8.3,11.4,10.0,65.3,PSOE
Sant Quirze del Vallès,19856,33988,7.8,49.3,28.4,14.2,12.5,14.3,15.3,8.6,71.9,PSOE
Barberà del Vallès,33284,24135,11.8,33.4,41.8,15.6,18.1,2.6,7.9,9.8,69.0,PSOE
Cerdanyola del Vallès,57057,27084,11.0,38.9,39.3,14.3,17.5,6.4,10.5,7.1,70.4,PSOE
Sabadell,219847,23213,14.3,30.5,38.9,11.8,15.0,9.0,11.0,8.3,66.4,PSOE
Rubí,80433,22366,13.9,29.9,39.9,14.0,15.7,4.6,10.1,10.9,64.3,PSOE
